targetid	target_chainseq	templates_alignfile	native_pdbfile	native_alignstring	binder	peptide_positions	native_exists	binder_class	native_identities	native_len	Modified_ID
B3501_HVTRGWSIF	GSHSMRYFYTAMSRPGRGEPRFIAVGYVDDTQFVRFDSDAASPRTEPRAPWIEQEGPEYWDRNTQIFKTNTQTYRESLRNLRGYYNQSEAGSHIIQRMYGCDLGPDGRLLRGHDQSAYDGKDYIALNEDLSSWTAADTAAQITQRKWEAARVAEQLRAYLEGLCVEWLRRYLENG/HVTRGWSIF	datasets_alphafold_finetune/pmhc_finetune/alignments/B3501_alignments.tsv	datasets_alphafold_finetune/pmhc_finetune/natives/run115_batch_0784B3501_HVTRGWSIF_model_1_model_1.pdb	0:0;1:1;2:2;3:3;4:4;5:5;6:6;7:7;8:8;9:9;10:10;11:11;12:12;13:13;14:14;15:15;16:16;17:17;18:18;19:19;20:20;21:21;22:22;23:23;24:24;25:25;26:26;27:27;28:28;29:29;30:30;31:31;32:32;33:33;34:34;35:35;36:36;37:37;38:38;39:39;40:40;41:41;42:42;43:43;44:44;45:45;46:46;47:47;48:48;49:49;50:50;51:51;52:52;53:53;54:54;55:55;56:56;57:57;58:58;59:59;60:60;61:61;62:62;63:63;64:64;65:65;66:66;67:67;68:68;69:69;70:70;71:71;72:72;73:73;74:74;75:75;76:76;77:77;78:78;79:79;80:80;81:81;82:82;83:83;84:84;85:85;86:86;87:87;88:88;89:89;90:90;91:91;92:92;93:93;94:94;95:95;96:96;97:97;98:98;99:99;100:100;101:101;102:102;103:103;104:104;105:105;106:106;107:107;108:108;109:109;110:110;111:111;112:112;113:113;114:114;115:115;116:116;117:117;118:118;119:119;120:120;121:121;122:122;123:123;124:124;125:125;126:126;127:127;128:128;129:129;130:130;131:131;132:132;133:133;134:134;135:135;136:136;137:137;138:138;139:139;140:140;141:141;142:142;143:143;144:144;145:145;146:146;147:147;148:148;149:149;150:150;151:151;152:152;153:153;154:154;155:155;156:156;157:157;158:158;159:159;160:160;161:161;162:162;163:163;164:164;165:165;166:166;167:167;168:168;169:169;170:170;171:171;172:172;173:173;174:174	0	183;182;181;180;179;178;177;176;175	False	0			B3501
A0301_KQYLNLYPV	GSHSMRYFFTSVSRPGRGEPRFIAVGYVDDTQFVRFDSDAASQRMEPRAPWIEQEGPEYWDQETRNVKAQSQTDRVDLGTLRGYYNQSEAGSHTIQIMYGCDVGSDGRFLRGYRQDAYDGKDYIALNEDLRSWTAADMAAQITKRKWEAAHEAEQLRAYLDGTCVEWLRRYLENG/KQYLNLYPV	datasets_alphafold_finetune/pmhc_finetune/alignments/A0301_alignments.tsv	datasets_alphafold_finetune/pmhc_finetune/natives/run115_batch_0784A0301_KQYLNLYPV_model_1_model_1.pdb	0:0;1:1;2:2;3:3;4:4;5:5;6:6;7:7;8:8;9:9;10:10;11:11;12:12;13:13;14:14;15:15;16:16;17:17;18:18;19:19;20:20;21:21;22:22;23:23;24:24;25:25;26:26;27:27;28:28;29:29;30:30;31:31;32:32;33:33;34:34;35:35;36:36;37:37;38:38;39:39;40:40;41:41;42:42;43:43;44:44;45:45;46:46;47:47;48:48;49:49;50:50;51:51;52:52;53:53;54:54;55:55;56:56;57:57;58:58;59:59;60:60;61:61;62:62;63:63;64:64;65:65;66:66;67:67;68:68;69:69;70:70;71:71;72:72;73:73;74:74;75:75;76:76;77:77;78:78;79:79;80:80;81:81;82:82;83:83;84:84;85:85;86:86;87:87;88:88;89:89;90:90;91:91;92:92;93:93;94:94;95:95;96:96;97:97;98:98;99:99;100:100;101:101;102:102;103:103;104:104;105:105;106:106;107:107;108:108;109:109;110:110;111:111;112:112;113:113;114:114;115:115;116:116;117:117;118:118;119:119;120:120;121:121;122:122;123:123;124:124;125:125;126:126;127:127;128:128;129:129;130:130;131:131;132:132;133:133;134:134;135:135;136:136;137:137;138:138;139:139;140:140;141:141;142:142;143:143;144:144;145:145;146:146;147:147;148:148;149:149;150:150;151:151;152:152;153:153;154:154;155:155;156:156;157:157;158:158;159:159;160:160;161:161;162:162;163:163;164:164;165:165;166:166;167:167;168:168;169:169;170:170;171:171;172:172;173:173;174:174	0	183;182;181;180;179;178;177;176;175	False	0			A0301
A0206_ASLPTTIAK	GSHSMRYFYTSVSRPGRGEPRFIAVGYVDDTQFVRFDSDAASQRMEPRAPWIEQEGPEYWDGETRKVKAHSQTHRVDLGTLRGYYNQSEAGSHTVQRMYGCDVGSDWRFLRGYHQYAYDGKDYIALKEDLRSWTAADMAAQTTKHKWEAAHVAEQLRAYLEGTCVEWLRRYLENG/ASLPTTIAK	datasets_alphafold_finetune/pmhc_finetune/alignments/A0206_alignments.tsv	datasets_alphafold_finetune/pmhc_finetune/natives/run115_batch_0784A0206_ASLPTTIAK_model_1_model_1.pdb	0:0;1:1;2:2;3:3;4:4;5:5;6:6;7:7;8:8;9:9;10:10;11:11;12:12;13:13;14:14;15:15;16:16;17:17;18:18;19:19;20:20;21:21;22:22;23:23;24:24;25:25;26:26;27:27;28:28;29:29;30:30;31:31;32:32;33:33;34:34;35:35;36:36;37:37;38:38;39:39;40:40;41:41;42:42;43:43;44:44;45:45;46:46;47:47;48:48;49:49;50:50;51:51;52:52;53:53;54:54;55:55;56:56;57:57;58:58;59:59;60:60;61:61;62:62;63:63;64:64;65:65;66:66;67:67;68:68;69:69;70:70;71:71;72:72;73:73;74:74;75:75;76:76;77:77;78:78;79:79;80:80;81:81;82:82;83:83;84:84;85:85;86:86;87:87;88:88;89:89;90:90;91:91;92:92;93:93;94:94;95:95;96:96;97:97;98:98;99:99;100:100;101:101;102:102;103:103;104:104;105:105;106:106;107:107;108:108;109:109;110:110;111:111;112:112;113:113;114:114;115:115;116:116;117:117;118:118;119:119;120:120;121:121;122:122;123:123;124:124;125:125;126:126;127:127;128:128;129:129;130:130;131:131;132:132;133:133;134:134;135:135;136:136;137:137;138:138;139:139;140:140;141:141;142:142;143:143;144:144;145:145;146:146;147:147;148:148;149:149;150:150;151:151;152:152;153:153;154:154;155:155;156:156;157:157;158:158;159:159;160:160;161:161;162:162;163:163;164:164;165:165;166:166;167:167;168:168;169:169;170:170;171:171;172:172;173:173;174:174	0	183;182;181;180;179;178;177;176;175	False	0			A0206
B0702_QTVEDEARR	GSHSMRYFYTSVSRPGRGEPRFISVGYVDDTQFVRFDSDAASPREEPRAPWIEQEGPEYWDRNTQIYKAQAQTDRESLRNLRGYYNQSEAGSHTLQSMYGCDVGPDGRLLRGHDQYAYDGKDYIALNEDLRSWTAADTAAQITQRKWEAAREAEQRRAYLEGECVEWLRRYLENG/QTVEDEARR	datasets_alphafold_finetune/pmhc_finetune/alignments/B0702_alignments.tsv	datasets_alphafold_finetune/pmhc_finetune/natives/run115_batch_0784B0702_QTVEDEARR_model_1_model_1.pdb	0:0;1:1;2:2;3:3;4:4;5:5;6:6;7:7;8:8;9:9;10:10;11:11;12:12;13:13;14:14;15:15;16:16;17:17;18:18;19:19;20:20;21:21;22:22;23:23;24:24;25:25;26:26;27:27;28:28;29:29;30:30;31:31;32:32;33:33;34:34;35:35;36:36;37:37;38:38;39:39;40:40;41:41;42:42;43:43;44:44;45:45;46:46;47:47;48:48;49:49;50:50;51:51;52:52;53:53;54:54;55:55;56:56;57:57;58:58;59:59;60:60;61:61;62:62;63:63;64:64;65:65;66:66;67:67;68:68;69:69;70:70;71:71;72:72;73:73;74:74;75:75;76:76;77:77;78:78;79:79;80:80;81:81;82:82;83:83;84:84;85:85;86:86;87:87;88:88;89:89;90:90;91:91;92:92;93:93;94:94;95:95;96:96;97:97;98:98;99:99;100:100;101:101;102:102;103:103;104:104;105:105;106:106;107:107;108:108;109:109;110:110;111:111;112:112;113:113;114:114;115:115;116:116;117:117;118:118;119:119;120:120;121:121;122:122;123:123;124:124;125:125;126:126;127:127;128:128;129:129;130:130;131:131;132:132;133:133;134:134;135:135;136:136;137:137;138:138;139:139;140:140;141:141;142:142;143:143;144:144;145:145;146:146;147:147;148:148;149:149;150:150;151:151;152:152;153:153;154:154;155:155;156:156;157:157;158:158;159:159;160:160;161:161;162:162;163:163;164:164;165:165;166:166;167:167;168:168;169:169;170:170;171:171;172:172;173:173;174:174	0	183;182;181;180;179;178;177;176;175	False	0			B0702
A2902_SQQPVQMLY	GSHSMRYFTTSVSRPGRGEPRFIAVGYVDDTQFVRFDSDAASQRMEPRAPWIEQEGPEYWDLQTRNVKAQSQTDRANLGTLRGYYNQSEAGSHTIQMMYGCDVGSDGRFLRGYRQDAYDGKDYIALNEDLRSWTAADMAAQITQRKWEAARVAEQLRAYLEGTCVEWLRRYLENG/SQQPVQMLY	datasets_alphafold_finetune/pmhc_finetune/alignments/A2902_alignments.tsv	datasets_alphafold_finetune/pmhc_finetune/natives/run115_batch_0785A2902_SQQPVQMLY_model_1_model_1.pdb	0:0;1:1;2:2;3:3;4:4;5:5;6:6;7:7;8:8;9:9;10:10;11:11;12:12;13:13;14:14;15:15;16:16;17:17;18:18;19:19;20:20;21:21;22:22;23:23;24:24;25:25;26:26;27:27;28:28;29:29;30:30;31:31;32:32;33:33;34:34;35:35;36:36;37:37;38:38;39:39;40:40;41:41;42:42;43:43;44:44;45:45;46:46;47:47;48:48;49:49;50:50;51:51;52:52;53:53;54:54;55:55;56:56;57:57;58:58;59:59;60:60;61:61;62:62;63:63;64:64;65:65;66:66;67:67;68:68;69:69;70:70;71:71;72:72;73:73;74:74;75:75;76:76;77:77;78:78;79:79;80:80;81:81;82:82;83:83;84:84;85:85;86:86;87:87;88:88;89:89;90:90;91:91;92:92;93:93;94:94;95:95;96:96;97:97;98:98;99:99;100:100;101:101;102:102;103:103;104:104;105:105;106:106;107:107;108:108;109:109;110:110;111:111;112:112;113:113;114:114;115:115;116:116;117:117;118:118;119:119;120:120;121:121;122:122;123:123;124:124;125:125;126:126;127:127;128:128;129:129;130:130;131:131;132:132;133:133;134:134;135:135;136:136;137:137;138:138;139:139;140:140;141:141;142:142;143:143;144:144;145:145;146:146;147:147;148:148;149:149;150:150;151:151;152:152;153:153;154:154;155:155;156:156;157:157;158:158;159:159;160:160;161:161;162:162;163:163;164:164;165:165;166:166;167:167;168:168;169:169;170:170;171:171;172:172;173:173;174:174	1	183;182;181;180;179;178;177;176;175	False	0			A2902
B5301_VGAGGYEAG	GSHSMRYFYTAMSRPGRGEPRFIAVGYVDDTQFVRFDSDAASPRTEPRAPWIEQEGPEYWDRNTQIFKTNTQTYRENLRIALRYYNQSEAGSHIIQRMYGCDLGPDGRLLRGHDQSAYDGKDYIALNEDLSSWTAADTAAQITQRKWEAARVAEQLRAYLEGLCVEWLRRYLENG/VGAGGYEAG	datasets_alphafold_finetune/pmhc_finetune/alignments/B5301_alignments.tsv	datasets_alphafold_finetune/pmhc_finetune/natives/run115_batch_0785B5301_VGAGGYEAG_model_1_model_1.pdb	0:0;1:1;2:2;3:3;4:4;5:5;6:6;7:7;8:8;9:9;10:10;11:11;12:12;13:13;14:14;15:15;16:16;17:17;18:18;19:19;20:20;21:21;22:22;23:23;24:24;25:25;26:26;27:27;28:28;29:29;30:30;31:31;32:32;33:33;34:34;35:35;36:36;37:37;38:38;39:39;40:40;41:41;42:42;43:43;44:44;45:45;46:46;47:47;48:48;49:49;50:50;51:51;52:52;53:53;54:54;55:55;56:56;57:57;58:58;59:59;60:60;61:61;62:62;63:63;64:64;65:65;66:66;67:67;68:68;69:69;70:70;71:71;72:72;73:73;74:74;75:75;76:76;77:77;78:78;79:79;80:80;81:81;82:82;83:83;84:84;85:85;86:86;87:87;88:88;89:89;90:90;91:91;92:92;93:93;94:94;95:95;96:96;97:97;98:98;99:99;100:100;101:101;102:102;103:103;104:104;105:105;106:106;107:107;108:108;109:109;110:110;111:111;112:112;113:113;114:114;115:115;116:116;117:117;118:118;119:119;120:120;121:121;122:122;123:123;124:124;125:125;126:126;127:127;128:128;129:129;130:130;131:131;132:132;133:133;134:134;135:135;136:136;137:137;138:138;139:139;140:140;141:141;142:142;143:143;144:144;145:145;146:146;147:147;148:148;149:149;150:150;151:151;152:152;153:153;154:154;155:155;156:156;157:157;158:158;159:159;160:160;161:161;162:162;163:163;164:164;165:165;166:166;167:167;168:168;169:169;170:170;171:171;172:172;173:173;174:174	0	183;182;181;180;179;178;177;176;175	False	0			B5301
A6801_MSPSYVKYR	GSHSMRYFYTSVSRPGRGEPRFIAVGYVDDTQFVRFDSDAASQRMEPRAPWIEQEGPEYWDRNTRNVKAQSQTDRVDLGTLRGYYNQSEAGSHTIQMMYGCDVGSDGRFLRGYRQDAYDGKDYIALKEDLRSWTAADMAAQTTKHKWEAAHVAEQWRAYLEGTCVEWLRRYLENG/MSPSYVKYR	datasets_alphafold_finetune/pmhc_finetune/alignments/A6801_alignments.tsv	datasets_alphafold_finetune/pmhc_finetune/natives/run115_batch_0785A6801_MSPSYVKYR_model_1_model_1.pdb	0:0;1:1;2:2;3:3;4:4;5:5;6:6;7:7;8:8;9:9;10:10;11:11;12:12;13:13;14:14;15:15;16:16;17:17;18:18;19:19;20:20;21:21;22:22;23:23;24:24;25:25;26:26;27:27;28:28;29:29;30:30;31:31;32:32;33:33;34:34;35:35;36:36;37:37;38:38;39:39;40:40;41:41;42:42;43:43;44:44;45:45;46:46;47:47;48:48;49:49;50:50;51:51;52:52;53:53;54:54;55:55;56:56;57:57;58:58;59:59;60:60;61:61;62:62;63:63;64:64;65:65;66:66;67:67;68:68;69:69;70:70;71:71;72:72;73:73;74:74;75:75;76:76;77:77;78:78;79:79;80:80;81:81;82:82;83:83;84:84;85:85;86:86;87:87;88:88;89:89;90:90;91:91;92:92;93:93;94:94;95:95;96:96;97:97;98:98;99:99;100:100;101:101;102:102;103:103;104:104;105:105;106:106;107:107;108:108;109:109;110:110;111:111;112:112;113:113;114:114;115:115;116:116;117:117;118:118;119:119;120:120;121:121;122:122;123:123;124:124;125:125;126:126;127:127;128:128;129:129;130:130;131:131;132:132;133:133;134:134;135:135;136:136;137:137;138:138;139:139;140:140;141:141;142:142;143:143;144:144;145:145;146:146;147:147;148:148;149:149;150:150;151:151;152:152;153:153;154:154;155:155;156:156;157:157;158:158;159:159;160:160;161:161;162:162;163:163;164:164;165:165;166:166;167:167;168:168;169:169;170:170;171:171;172:172;173:173;174:174	1	183;182;181;180;179;178;177;176;175	False	0			A6801
B1501_KVSCSMLEF	GSHSMRYFYTAMSRPGRGEPRFIAVGYVDDTQFVRFDSDAASPRMAPRAPWIEQEGPEYWDRETQISKTNTQTYRESLRNLRGYYNQSEAGSHTLQRMYGCDVGPDGRLLRGHDQSAYDGKDYIALNEDLSSWTAADTAAQITQRKWEAAREAEQWRAYLEGLCVEWLRRYLENG/KVSCSMLEF	datasets_alphafold_finetune/pmhc_finetune/alignments/B1501_alignments.tsv	datasets_alphafold_finetune/pmhc_finetune/natives/run115_batch_0785B1501_KVSCSMLEF_model_1_model_1.pdb	0:0;1:1;2:2;3:3;4:4;5:5;6:6;7:7;8:8;9:9;10:10;11:11;12:12;13:13;14:14;15:15;16:16;17:17;18:18;19:19;20:20;21:21;22:22;23:23;24:24;25:25;26:26;27:27;28:28;29:29;30:30;31:31;32:32;33:33;34:34;35:35;36:36;37:37;38:38;39:39;40:40;41:41;42:42;43:43;44:44;45:45;46:46;47:47;48:48;49:49;50:50;51:51;52:52;53:53;54:54;55:55;56:56;57:57;58:58;59:59;60:60;61:61;62:62;63:63;64:64;65:65;66:66;67:67;68:68;69:69;70:70;71:71;72:72;73:73;74:74;75:75;76:76;77:77;78:78;79:79;80:80;81:81;82:82;83:83;84:84;85:85;86:86;87:87;88:88;89:89;90:90;91:91;92:92;93:93;94:94;95:95;96:96;97:97;98:98;99:99;100:100;101:101;102:102;103:103;104:104;105:105;106:106;107:107;108:108;109:109;110:110;111:111;112:112;113:113;114:114;115:115;116:116;117:117;118:118;119:119;120:120;121:121;122:122;123:123;124:124;125:125;126:126;127:127;128:128;129:129;130:130;131:131;132:132;133:133;134:134;135:135;136:136;137:137;138:138;139:139;140:140;141:141;142:142;143:143;144:144;145:145;146:146;147:147;148:148;149:149;150:150;151:151;152:152;153:153;154:154;155:155;156:156;157:157;158:158;159:159;160:160;161:161;162:162;163:163;164:164;165:165;166:166;167:167;168:168;169:169;170:170;171:171;172:172;173:173;174:174	1	183;182;181;180;179;178;177;176;175	False	0			B1501
A0101_WSADGSSMY	GSHSMRYFFTSVSRPGRGEPRFIAVGYVDDTQFVRFDSDAASQKMEPRAPWIEQEGPEYWDQETRNMKAHSQTDRANLGTLRGYYNQSEDGSHTIQIMYGCDVGPDGRFLRGYRQDAYDGKDYIALNEDLRSWTAADMAAQITKRKWEAVHAAEQRRVYLEGRCVDGLRRYLENG/WSADGSSMY	datasets_alphafold_finetune/pmhc_finetune/alignments/A0101_alignments.tsv	datasets_alphafold_finetune/pmhc_finetune/natives/run115_batch_0785A0101_WSADGSSMY_model_1_model_1.pdb	0:0;1:1;2:2;3:3;4:4;5:5;6:6;7:7;8:8;9:9;10:10;11:11;12:12;13:13;14:14;15:15;16:16;17:17;18:18;19:19;20:20;21:21;22:22;23:23;24:24;25:25;26:26;27:27;28:28;29:29;30:30;31:31;32:32;33:33;34:34;35:35;36:36;37:37;38:38;39:39;40:40;41:41;42:42;43:43;44:44;45:45;46:46;47:47;48:48;49:49;50:50;51:51;52:52;53:53;54:54;55:55;56:56;57:57;58:58;59:59;60:60;61:61;62:62;63:63;64:64;65:65;66:66;67:67;68:68;69:69;70:70;71:71;72:72;73:73;74:74;75:75;76:76;77:77;78:78;79:79;80:80;81:81;82:82;83:83;84:84;85:85;86:86;87:87;88:88;89:89;90:90;91:91;92:92;93:93;94:94;95:95;96:96;97:97;98:98;99:99;100:100;101:101;102:102;103:103;104:104;105:105;106:106;107:107;108:108;109:109;110:110;111:111;112:112;113:113;114:114;115:115;116:116;117:117;118:118;119:119;120:120;121:121;122:122;123:123;124:124;125:125;126:126;127:127;128:128;129:129;130:130;131:131;132:132;133:133;134:134;135:135;136:136;137:137;138:138;139:139;140:140;141:141;142:142;143:143;144:144;145:145;146:146;147:147;148:148;149:149;150:150;151:151;152:152;153:153;154:154;155:155;156:156;157:157;158:158;159:159;160:160;161:161;162:162;163:163;164:164;165:165;166:166;167:167;168:168;169:169;170:170;171:171;172:172;173:173;174:174	1	183;182;181;180;179;178;177;176;175	False	0			A0101
A0203_FLFEMLKGV	GSHSMRYFFTSVSRPGRGEPRFIAVGYVDDTQFVRFDSDAASQRMEPRAPWIEQEGPEYWDGETRKVKAHSQTHRVDLGTLRGYYNQSEAGSHTVQRMYGCDVGSDWRFLRGYHQYAYDGKDYIALKEDLRSWTAADMAAQTTKHKWETAHEAEQWRAYLEGTCVEWLRRYLENG/FLFEMLKGV	datasets_alphafold_finetune/pmhc_finetune/alignments/A0203_alignments.tsv	datasets_alphafold_finetune/pmhc_finetune/natives/run115_batch_0785A0203_FLFEMLKGV_model_1_model_1.pdb	0:0;1:1;2:2;3:3;4:4;5:5;6:6;7:7;8:8;9:9;10:10;11:11;12:12;13:13;14:14;15:15;16:16;17:17;18:18;19:19;20:20;21:21;22:22;23:23;24:24;25:25;26:26;27:27;28:28;29:29;30:30;31:31;32:32;33:33;34:34;35:35;36:36;37:37;38:38;39:39;40:40;41:41;42:42;43:43;44:44;45:45;46:46;47:47;48:48;49:49;50:50;51:51;52:52;53:53;54:54;55:55;56:56;57:57;58:58;59:59;60:60;61:61;62:62;63:63;64:64;65:65;66:66;67:67;68:68;69:69;70:70;71:71;72:72;73:73;74:74;75:75;76:76;77:77;78:78;79:79;80:80;81:81;82:82;83:83;84:84;85:85;86:86;87:87;88:88;89:89;90:90;91:91;92:92;93:93;94:94;95:95;96:96;97:97;98:98;99:99;100:100;101:101;102:102;103:103;104:104;105:105;106:106;107:107;108:108;109:109;110:110;111:111;112:112;113:113;114:114;115:115;116:116;117:117;118:118;119:119;120:120;121:121;122:122;123:123;124:124;125:125;126:126;127:127;128:128;129:129;130:130;131:131;132:132;133:133;134:134;135:135;136:136;137:137;138:138;139:139;140:140;141:141;142:142;143:143;144:144;145:145;146:146;147:147;148:148;149:149;150:150;151:151;152:152;153:153;154:154;155:155;156:156;157:157;158:158;159:159;160:160;161:161;162:162;163:163;164:164;165:165;166:166;167:167;168:168;169:169;170:170;171:171;172:172;173:173;174:174	1	183;182;181;180;179;178;177;176;175	False	0			A0203
A2301_EYKLQQGTF	GSHSMRYFSTSVSRPGRGEPRFIAVGYVDDTQFVRFDSDAASQRMEPRAPWIEQEGPEYWDEETGKVKAHSQTDRENLRIALRYYNQSEAGSHTLQMMFGCDVGSDGRFLRGYHQYAYDGKDYIALKEDLRSWTAADMAAQITQRKWEAARVAEQLRAYLEGTCVDGLRRYLENG/EYKLQQGTF	datasets_alphafold_finetune/pmhc_finetune/alignments/A2301_alignments.tsv	datasets_alphafold_finetune/pmhc_finetune/natives/run115_batch_0785A2301_EYKLQQGTF_model_1_model_1.pdb	0:0;1:1;2:2;3:3;4:4;5:5;6:6;7:7;8:8;9:9;10:10;11:11;12:12;13:13;14:14;15:15;16:16;17:17;18:18;19:19;20:20;21:21;22:22;23:23;24:24;25:25;26:26;27:27;28:28;29:29;30:30;31:31;32:32;33:33;34:34;35:35;36:36;37:37;38:38;39:39;40:40;41:41;42:42;43:43;44:44;45:45;46:46;47:47;48:48;49:49;50:50;51:51;52:52;53:53;54:54;55:55;56:56;57:57;58:58;59:59;60:60;61:61;62:62;63:63;64:64;65:65;66:66;67:67;68:68;69:69;70:70;71:71;72:72;73:73;74:74;75:75;76:76;77:77;78:78;79:79;80:80;81:81;82:82;83:83;84:84;85:85;86:86;87:87;88:88;89:89;90:90;91:91;92:92;93:93;94:94;95:95;96:96;97:97;98:98;99:99;100:100;101:101;102:102;103:103;104:104;105:105;106:106;107:107;108:108;109:109;110:110;111:111;112:112;113:113;114:114;115:115;116:116;117:117;118:118;119:119;120:120;121:121;122:122;123:123;124:124;125:125;126:126;127:127;128:128;129:129;130:130;131:131;132:132;133:133;134:134;135:135;136:136;137:137;138:138;139:139;140:140;141:141;142:142;143:143;144:144;145:145;146:146;147:147;148:148;149:149;150:150;151:151;152:152;153:153;154:154;155:155;156:156;157:157;158:158;159:159;160:160;161:161;162:162;163:163;164:164;165:165;166:166;167:167;168:168;169:169;170:170;171:171;172:172;173:173;174:174	0	183;182;181;180;179;178;177;176;175	False	0			A2301
A3001_WASRELERF	GSHSMRYFSTSVSRPGSGEPRFIAVGYVDDTQFVRFDSDAASQRMEPRAPWIEQERPEYWDQETRNVKAQSQTDRVDLGTLRGYYNQSEAGSHTIQIMYGCDVGSDGRFLRGYEQHAYDGKDYIALNEDLRSWTAADMAAQITQRKWEAARWAEQLRAYLEGTCVEWLRRYLENG/WASRELERF	datasets_alphafold_finetune/pmhc_finetune/alignments/A3001_alignments.tsv	datasets_alphafold_finetune/pmhc_finetune/natives/run115_batch_0785A3001_WASRELERF_model_1_model_1.pdb	0:0;1:1;2:2;3:3;4:4;5:5;6:6;7:7;8:8;9:9;10:10;11:11;12:12;13:13;14:14;15:15;16:16;17:17;18:18;19:19;20:20;21:21;22:22;23:23;24:24;25:25;26:26;27:27;28:28;29:29;30:30;31:31;32:32;33:33;34:34;35:35;36:36;37:37;38:38;39:39;40:40;41:41;42:42;43:43;44:44;45:45;46:46;47:47;48:48;49:49;50:50;51:51;52:52;53:53;54:54;55:55;56:56;57:57;58:58;59:59;60:60;61:61;62:62;63:63;64:64;65:65;66:66;67:67;68:68;69:69;70:70;71:71;72:72;73:73;74:74;75:75;76:76;77:77;78:78;79:79;80:80;81:81;82:82;83:83;84:84;85:85;86:86;87:87;88:88;89:89;90:90;91:91;92:92;93:93;94:94;95:95;96:96;97:97;98:98;99:99;100:100;101:101;102:102;103:103;104:104;105:105;106:106;107:107;108:108;109:109;110:110;111:111;112:112;113:113;114:114;115:115;116:116;117:117;118:118;119:119;120:120;121:121;122:122;123:123;124:124;125:125;126:126;127:127;128:128;129:129;130:130;131:131;132:132;133:133;134:134;135:135;136:136;137:137;138:138;139:139;140:140;141:141;142:142;143:143;144:144;145:145;146:146;147:147;148:148;149:149;150:150;151:151;152:152;153:153;154:154;155:155;156:156;157:157;158:158;159:159;160:160;161:161;162:162;163:163;164:164;165:165;166:166;167:167;168:168;169:169;170:170;171:171;172:172;173:173;174:174	0	183;182;181;180;179;178;177;176;175	False	0			A3001
A0202_TTRAWFDKK	GSHSMRYFFTSVSRPGRGEPRFIAVGYVDDTQFVRFDSDAASRRMEPRAPWIEQEGPEYWDGETRKVKAHSQTHRVDLGTLRGYYNQSEAGSHTLQRMYGCDVGSDWRFLRGYHQYAYDGKDYIALKEDLRSWTAADMAAQTTKHKWEAAHVAEQWRAYLEGTCVEWLRRYLENG/TTRAWFDKK	datasets_alphafold_finetune/pmhc_finetune/alignments/A0202_alignments.tsv	datasets_alphafold_finetune/pmhc_finetune/natives/run115_batch_0786A0202_TTRAWFDKK_model_1_model_1.pdb	0:0;1:1;2:2;3:3;4:4;5:5;6:6;7:7;8:8;9:9;10:10;11:11;12:12;13:13;14:14;15:15;16:16;17:17;18:18;19:19;20:20;21:21;22:22;23:23;24:24;25:25;26:26;27:27;28:28;29:29;30:30;31:31;32:32;33:33;34:34;35:35;36:36;37:37;38:38;39:39;40:40;41:41;42:42;43:43;44:44;45:45;46:46;47:47;48:48;49:49;50:50;51:51;52:52;53:53;54:54;55:55;56:56;57:57;58:58;59:59;60:60;61:61;62:62;63:63;64:64;65:65;66:66;67:67;68:68;69:69;70:70;71:71;72:72;73:73;74:74;75:75;76:76;77:77;78:78;79:79;80:80;81:81;82:82;83:83;84:84;85:85;86:86;87:87;88:88;89:89;90:90;91:91;92:92;93:93;94:94;95:95;96:96;97:97;98:98;99:99;100:100;101:101;102:102;103:103;104:104;105:105;106:106;107:107;108:108;109:109;110:110;111:111;112:112;113:113;114:114;115:115;116:116;117:117;118:118;119:119;120:120;121:121;122:122;123:123;124:124;125:125;126:126;127:127;128:128;129:129;130:130;131:131;132:132;133:133;134:134;135:135;136:136;137:137;138:138;139:139;140:140;141:141;142:142;143:143;144:144;145:145;146:146;147:147;148:148;149:149;150:150;151:151;152:152;153:153;154:154;155:155;156:156;157:157;158:158;159:159;160:160;161:161;162:162;163:163;164:164;165:165;166:166;167:167;168:168;169:169;170:170;171:171;172:172;173:173;174:174	0	183;182;181;180;179;178;177;176;175	False	0			A0202
B4001_YEERAHVVL	GSHSMRYFHTAMSRPGRGEPRFITVGYVDDTLFVRFDSDATSPRKEPRAPWIEQEGPEYWDRETQISKTNTQTYRESLRNLRGYYNQSEAGSHTLQRMYGCDVGPDGRLLRGHNQYAYDGKDYIALNEDLRSWTAADTAAQISQRKLEAARVAEQLRAYLEGECVEWLRRYLENG/YEERAHVVL	datasets_alphafold_finetune/pmhc_finetune/alignments/B4001_alignments.tsv	datasets_alphafold_finetune/pmhc_finetune/natives/run115_batch_0786B4001_YEERAHVVL_model_1_model_1.pdb	0:0;1:1;2:2;3:3;4:4;5:5;6:6;7:7;8:8;9:9;10:10;11:11;12:12;13:13;14:14;15:15;16:16;17:17;18:18;19:19;20:20;21:21;22:22;23:23;24:24;25:25;26:26;27:27;28:28;29:29;30:30;31:31;32:32;33:33;34:34;35:35;36:36;37:37;38:38;39:39;40:40;41:41;42:42;43:43;44:44;45:45;46:46;47:47;48:48;49:49;50:50;51:51;52:52;53:53;54:54;55:55;56:56;57:57;58:58;59:59;60:60;61:61;62:62;63:63;64:64;65:65;66:66;67:67;68:68;69:69;70:70;71:71;72:72;73:73;74:74;75:75;76:76;77:77;78:78;79:79;80:80;81:81;82:82;83:83;84:84;85:85;86:86;87:87;88:88;89:89;90:90;91:91;92:92;93:93;94:94;95:95;96:96;97:97;98:98;99:99;100:100;101:101;102:102;103:103;104:104;105:105;106:106;107:107;108:108;109:109;110:110;111:111;112:112;113:113;114:114;115:115;116:116;117:117;118:118;119:119;120:120;121:121;122:122;123:123;124:124;125:125;126:126;127:127;128:128;129:129;130:130;131:131;132:132;133:133;134:134;135:135;136:136;137:137;138:138;139:139;140:140;141:141;142:142;143:143;144:144;145:145;146:146;147:147;148:148;149:149;150:150;151:151;152:152;153:153;154:154;155:155;156:156;157:157;158:158;159:159;160:160;161:161;162:162;163:163;164:164;165:165;166:166;167:167;168:168;169:169;170:170;171:171;172:172;173:173;174:174	1	183;182;181;180;179;178;177;176;175	False	0			B4001
B1517_FLQILITSI	GSHSMRYFYTAMSRPGRGEPRFIAVGYVDDTQFVRFDSDAASPRMAPRAPWIEQEGPEYWDRETRNMKASAQTYRENLRIALRYYNQSEAGSHTLQRMYGCDVGPDGRLLRGYHQDAYDGKDYIALNEDLSSWTAADTAAQITQRKWEAAREAEQLRAYLEGLCVEWLRRYLENG/FLQILITSI	datasets_alphafold_finetune/pmhc_finetune/alignments/B1517_alignments.tsv	datasets_alphafold_finetune/pmhc_finetune/natives/run115_batch_0787B1517_FLQILITSI_model_1_model_1.pdb	0:0;1:1;2:2;3:3;4:4;5:5;6:6;7:7;8:8;9:9;10:10;11:11;12:12;13:13;14:14;15:15;16:16;17:17;18:18;19:19;20:20;21:21;22:22;23:23;24:24;25:25;26:26;27:27;28:28;29:29;30:30;31:31;32:32;33:33;34:34;35:35;36:36;37:37;38:38;39:39;40:40;41:41;42:42;43:43;44:44;45:45;46:46;47:47;48:48;49:49;50:50;51:51;52:52;53:53;54:54;55:55;56:56;57:57;58:58;59:59;60:60;61:61;62:62;63:63;64:64;65:65;66:66;67:67;68:68;69:69;70:70;71:71;72:72;73:73;74:74;75:75;76:76;77:77;78:78;79:79;80:80;81:81;82:82;83:83;84:84;85:85;86:86;87:87;88:88;89:89;90:90;91:91;92:92;93:93;94:94;95:95;96:96;97:97;98:98;99:99;100:100;101:101;102:102;103:103;104:104;105:105;106:106;107:107;108:108;109:109;110:110;111:111;112:112;113:113;114:114;115:115;116:116;117:117;118:118;119:119;120:120;121:121;122:122;123:123;124:124;125:125;126:126;127:127;128:128;129:129;130:130;131:131;132:132;133:133;134:134;135:135;136:136;137:137;138:138;139:139;140:140;141:141;142:142;143:143;144:144;145:145;146:146;147:147;148:148;149:149;150:150;151:151;152:152;153:153;154:154;155:155;156:156;157:157;158:158;159:159;160:160;161:161;162:162;163:163;164:164;165:165;166:166;167:167;168:168;169:169;170:170;171:171;172:172;173:173;174:174	0	183;182;181;180;179;178;177;176;175	False	0			B1517
A1101_KILTAGLSV	GSHSMRYFYTSVSRPGRGEPRFIAVGYVDDTQFVRFDSDAASQRMEPRAPWIEQEGPEYWDQETRNVKAQSQTDRVDLGTLRGYYNQSEDGSHTIQIMYGCDVGPDGRFLRGYRQDAYDGKDYIALNEDLRSWTAADMAAQITKRKWEAAHAAEQQRAYLEGRCVEWLRRYLENG/KILTAGLSV	datasets_alphafold_finetune/pmhc_finetune/alignments/A1101_alignments.tsv	datasets_alphafold_finetune/pmhc_finetune/natives/run115_batch_0787A1101_KILTAGLSV_model_1_model_1.pdb	0:0;1:1;2:2;3:3;4:4;5:5;6:6;7:7;8:8;9:9;10:10;11:11;12:12;13:13;14:14;15:15;16:16;17:17;18:18;19:19;20:20;21:21;22:22;23:23;24:24;25:25;26:26;27:27;28:28;29:29;30:30;31:31;32:32;33:33;34:34;35:35;36:36;37:37;38:38;39:39;40:40;41:41;42:42;43:43;44:44;45:45;46:46;47:47;48:48;49:49;50:50;51:51;52:52;53:53;54:54;55:55;56:56;57:57;58:58;59:59;60:60;61:61;62:62;63:63;64:64;65:65;66:66;67:67;68:68;69:69;70:70;71:71;72:72;73:73;74:74;75:75;76:76;77:77;78:78;79:79;80:80;81:81;82:82;83:83;84:84;85:85;86:86;87:87;88:88;89:89;90:90;91:91;92:92;93:93;94:94;95:95;96:96;97:97;98:98;99:99;100:100;101:101;102:102;103:103;104:104;105:105;106:106;107:107;108:108;109:109;110:110;111:111;112:112;113:113;114:114;115:115;116:116;117:117;118:118;119:119;120:120;121:121;122:122;123:123;124:124;125:125;126:126;127:127;128:128;129:129;130:130;131:131;132:132;133:133;134:134;135:135;136:136;137:137;138:138;139:139;140:140;141:141;142:142;143:143;144:144;145:145;146:146;147:147;148:148;149:149;150:150;151:151;152:152;153:153;154:154;155:155;156:156;157:157;158:158;159:159;160:160;161:161;162:162;163:163;164:164;165:165;166:166;167:167;168:168;169:169;170:170;171:171;172:172;173:173;174:174	0	183;182;181;180;179;178;177;176;175	False	0			A1101
A0211_IILSTHIIS	GSHSMRYFFTSVSRPGRGEPRFIAVGYVDDTQFVRFDSDAASQRMEPRAPWIEQEGPEYWDGETRKVKAHSQIDRVDLGTLRGYYNQSEAGSHTVQRMYGCDVGSDWRFLRGYHQYAYDGKDYIALKEDLRSWTAADMAAQTTKHKWEAAHVAEQLRAYLEGTCVEWLRRYLENG/IILSTHIIS	datasets_alphafold_finetune/pmhc_finetune/alignments/A0211_alignments.tsv	datasets_alphafold_finetune/pmhc_finetune/natives/run115_batch_0788A0211_IILSTHIIS_model_1_model_1.pdb	0:0;1:1;2:2;3:3;4:4;5:5;6:6;7:7;8:8;9:9;10:10;11:11;12:12;13:13;14:14;15:15;16:16;17:17;18:18;19:19;20:20;21:21;22:22;23:23;24:24;25:25;26:26;27:27;28:28;29:29;30:30;31:31;32:32;33:33;34:34;35:35;36:36;37:37;38:38;39:39;40:40;41:41;42:42;43:43;44:44;45:45;46:46;47:47;48:48;49:49;50:50;51:51;52:52;53:53;54:54;55:55;56:56;57:57;58:58;59:59;60:60;61:61;62:62;63:63;64:64;65:65;66:66;67:67;68:68;69:69;70:70;71:71;72:72;73:73;74:74;75:75;76:76;77:77;78:78;79:79;80:80;81:81;82:82;83:83;84:84;85:85;86:86;87:87;88:88;89:89;90:90;91:91;92:92;93:93;94:94;95:95;96:96;97:97;98:98;99:99;100:100;101:101;102:102;103:103;104:104;105:105;106:106;107:107;108:108;109:109;110:110;111:111;112:112;113:113;114:114;115:115;116:116;117:117;118:118;119:119;120:120;121:121;122:122;123:123;124:124;125:125;126:126;127:127;128:128;129:129;130:130;131:131;132:132;133:133;134:134;135:135;136:136;137:137;138:138;139:139;140:140;141:141;142:142;143:143;144:144;145:145;146:146;147:147;148:148;149:149;150:150;151:151;152:152;153:153;154:154;155:155;156:156;157:157;158:158;159:159;160:160;161:161;162:162;163:163;164:164;165:165;166:166;167:167;168:168;169:169;170:170;171:171;172:172;173:173;174:174	0	183;182;181;180;179;178;177;176;175	False	0			A0211
B5701_ATGPLTTLW	GSHSMRYFYTAMSRPGRGEPRFIAVGYVDDTQFVRFDSDAASPRMAPRAPWIEQEGPEYWDGETRNMKASAQTYRENLRIALRYYNQSEAGSHIIQVMYGCDVGPDGRLLRGHDQSAYDGKDYIALNEDLSSWTAADTAAQITQRKWEAARVAEQLRAYLEGLCVEWLRRYLENG/ATGPLTTLW	datasets_alphafold_finetune/pmhc_finetune/alignments/B5701_alignments.tsv	datasets_alphafold_finetune/pmhc_finetune/natives/run115_batch_0789B5701_ATGPLTTLW_model_1_model_1.pdb	0:0;1:1;2:2;3:3;4:4;5:5;6:6;7:7;8:8;9:9;10:10;11:11;12:12;13:13;14:14;15:15;16:16;17:17;18:18;19:19;20:20;21:21;22:22;23:23;24:24;25:25;26:26;27:27;28:28;29:29;30:30;31:31;32:32;33:33;34:34;35:35;36:36;37:37;38:38;39:39;40:40;41:41;42:42;43:43;44:44;45:45;46:46;47:47;48:48;49:49;50:50;51:51;52:52;53:53;54:54;55:55;56:56;57:57;58:58;59:59;60:60;61:61;62:62;63:63;64:64;65:65;66:66;67:67;68:68;69:69;70:70;71:71;72:72;73:73;74:74;75:75;76:76;77:77;78:78;79:79;80:80;81:81;82:82;83:83;84:84;85:85;86:86;87:87;88:88;89:89;90:90;91:91;92:92;93:93;94:94;95:95;96:96;97:97;98:98;99:99;100:100;101:101;102:102;103:103;104:104;105:105;106:106;107:107;108:108;109:109;110:110;111:111;112:112;113:113;114:114;115:115;116:116;117:117;118:118;119:119;120:120;121:121;122:122;123:123;124:124;125:125;126:126;127:127;128:128;129:129;130:130;131:131;132:132;133:133;134:134;135:135;136:136;137:137;138:138;139:139;140:140;141:141;142:142;143:143;144:144;145:145;146:146;147:147;148:148;149:149;150:150;151:151;152:152;153:153;154:154;155:155;156:156;157:157;158:158;159:159;160:160;161:161;162:162;163:163;164:164;165:165;166:166;167:167;168:168;169:169;170:170;171:171;172:172;173:173;174:174	1	183;182;181;180;179;178;177;176;175	False	0			B5701
A2402_VILWFSFGA	GSHSMRYFSTSVSRPGRGEPRFIAVGYVDDTQFVRFDSDAASQRMEPRAPWIEQEGPEYWDEETGKVKAHSQTDRENLRIALRYYNQSEAGSHTLQMMFGCDVGSDGRFLRGYHQYAYDGKDYIALKEDLRSWTAADMAAQITKRKWEAAHVAEQQRAYLEGTCVDGLRRYLENG/VILWFSFGA	datasets_alphafold_finetune/pmhc_finetune/alignments/A2402_alignments.tsv	datasets_alphafold_finetune/pmhc_finetune/natives/run115_batch_0789A2402_VILWFSFGA_model_1_model_1.pdb	0:0;1:1;2:2;3:3;4:4;5:5;6:6;7:7;8:8;9:9;10:10;11:11;12:12;13:13;14:14;15:15;16:16;17:17;18:18;19:19;20:20;21:21;22:22;23:23;24:24;25:25;26:26;27:27;28:28;29:29;30:30;31:31;32:32;33:33;34:34;35:35;36:36;37:37;38:38;39:39;40:40;41:41;42:42;43:43;44:44;45:45;46:46;47:47;48:48;49:49;50:50;51:51;52:52;53:53;54:54;55:55;56:56;57:57;58:58;59:59;60:60;61:61;62:62;63:63;64:64;65:65;66:66;67:67;68:68;69:69;70:70;71:71;72:72;73:73;74:74;75:75;76:76;77:77;78:78;79:79;80:80;81:81;82:82;83:83;84:84;85:85;86:86;87:87;88:88;89:89;90:90;91:91;92:92;93:93;94:94;95:95;96:96;97:97;98:98;99:99;100:100;101:101;102:102;103:103;104:104;105:105;106:106;107:107;108:108;109:109;110:110;111:111;112:112;113:113;114:114;115:115;116:116;117:117;118:118;119:119;120:120;121:121;122:122;123:123;124:124;125:125;126:126;127:127;128:128;129:129;130:130;131:131;132:132;133:133;134:134;135:135;136:136;137:137;138:138;139:139;140:140;141:141;142:142;143:143;144:144;145:145;146:146;147:147;148:148;149:149;150:150;151:151;152:152;153:153;154:154;155:155;156:156;157:157;158:158;159:159;160:160;161:161;162:162;163:163;164:164;165:165;166:166;167:167;168:168;169:169;170:170;171:171;172:172;173:173;174:174	0	183;182;181;180;179;178;177;176;175	False	0			A2402
B1801_YEYVLIGIL	GSHSMRYFHTSVSRPGRGEPRFISVGYVDGTQFVRFDSDAASPRTEPRAPWIEQEGPEYWDRNTQISKTNTQTYRESLRNLRGYYNQSEAGSHTLQRMYGCDVGPDGRLLRGHDQSAYDGKDYIALNEDLSSWTAADTAAQITQRKWEAARVAEQLRAYLEGTCVEWLRRHLENG/YEYVLIGIL	datasets_alphafold_finetune/pmhc_finetune/alignments/B1801_alignments.tsv	datasets_alphafold_finetune/pmhc_finetune/natives/run115_batch_0789B1801_YEYVLIGIL_model_1_model_1.pdb	0:0;1:1;2:2;3:3;4:4;5:5;6:6;7:7;8:8;9:9;10:10;11:11;12:12;13:13;14:14;15:15;16:16;17:17;18:18;19:19;20:20;21:21;22:22;23:23;24:24;25:25;26:26;27:27;28:28;29:29;30:30;31:31;32:32;33:33;34:34;35:35;36:36;37:37;38:38;39:39;40:40;41:41;42:42;43:43;44:44;45:45;46:46;47:47;48:48;49:49;50:50;51:51;52:52;53:53;54:54;55:55;56:56;57:57;58:58;59:59;60:60;61:61;62:62;63:63;64:64;65:65;66:66;67:67;68:68;69:69;70:70;71:71;72:72;73:73;74:74;75:75;76:76;77:77;78:78;79:79;80:80;81:81;82:82;83:83;84:84;85:85;86:86;87:87;88:88;89:89;90:90;91:91;92:92;93:93;94:94;95:95;96:96;97:97;98:98;99:99;100:100;101:101;102:102;103:103;104:104;105:105;106:106;107:107;108:108;109:109;110:110;111:111;112:112;113:113;114:114;115:115;116:116;117:117;118:118;119:119;120:120;121:121;122:122;123:123;124:124;125:125;126:126;127:127;128:128;129:129;130:130;131:131;132:132;133:133;134:134;135:135;136:136;137:137;138:138;139:139;140:140;141:141;142:142;143:143;144:144;145:145;146:146;147:147;148:148;149:149;150:150;151:151;152:152;153:153;154:154;155:155;156:156;157:157;158:158;159:159;160:160;161:161;162:162;163:163;164:164;165:165;166:166;167:167;168:168;169:169;170:170;171:171;172:172;173:173;174:174	1	183;182;181;180;179;178;177;176;175	False	0			B1801
A3101_EEKAFSPEV	GSHSMRYFTTSVSRPGRGEPRFIAVGYVDDTQFVRFDSDAASQRMEPRAPWIEQERPEYWDQETRNVKAHSQIDRVDLGTLRGYYNQSEAGSHTIQMMYGCDVGSDGRFLRGYQQDAYDGKDYIALNEDLRSWTAADMAAQITQRKWEAARVAEQLRAYLEGTCVEWLRRYLENG/EEKAFSPEV	datasets_alphafold_finetune/pmhc_finetune/alignments/A3101_alignments.tsv	datasets_alphafold_finetune/pmhc_finetune/natives/run115_batch_0791A3101_EEKAFSPEV_model_1_model_1.pdb	0:0;1:1;2:2;3:3;4:4;5:5;6:6;7:7;8:8;9:9;10:10;11:11;12:12;13:13;14:14;15:15;16:16;17:17;18:18;19:19;20:20;21:21;22:22;23:23;24:24;25:25;26:26;27:27;28:28;29:29;30:30;31:31;32:32;33:33;34:34;35:35;36:36;37:37;38:38;39:39;40:40;41:41;42:42;43:43;44:44;45:45;46:46;47:47;48:48;49:49;50:50;51:51;52:52;53:53;54:54;55:55;56:56;57:57;58:58;59:59;60:60;61:61;62:62;63:63;64:64;65:65;66:66;67:67;68:68;69:69;70:70;71:71;72:72;73:73;74:74;75:75;76:76;77:77;78:78;79:79;80:80;81:81;82:82;83:83;84:84;85:85;86:86;87:87;88:88;89:89;90:90;91:91;92:92;93:93;94:94;95:95;96:96;97:97;98:98;99:99;100:100;101:101;102:102;103:103;104:104;105:105;106:106;107:107;108:108;109:109;110:110;111:111;112:112;113:113;114:114;115:115;116:116;117:117;118:118;119:119;120:120;121:121;122:122;123:123;124:124;125:125;126:126;127:127;128:128;129:129;130:130;131:131;132:132;133:133;134:134;135:135;136:136;137:137;138:138;139:139;140:140;141:141;142:142;143:143;144:144;145:145;146:146;147:147;148:148;149:149;150:150;151:151;152:152;153:153;154:154;155:155;156:156;157:157;158:158;159:159;160:160;161:161;162:162;163:163;164:164;165:165;166:166;167:167;168:168;169:169;170:170;171:171;172:172;173:173;174:174	0	183;182;181;180;179;178;177;176;175	False	0			A3101
B2705_KTAVQMAVF	GSHSMRYFHTSVSRPGRGEPRFITVGYVDDTLFVRFDSDAASPREEPRAPWIEQEGPEYWDRETQICKAKAQTDREDLRTLLRYYNQSEAGSHTLQNMYGCDVGPDGRLLRGYHQDAYDGKDYIALNEDLSSWTAADTAAQITQRKWEAARVAEQLRAYLEGECVEWLRRYLENG/KTAVQMAVF	datasets_alphafold_finetune/pmhc_finetune/alignments/B2705_alignments.tsv	datasets_alphafold_finetune/pmhc_finetune/natives/run115_batch_0792B2705_KTAVQMAVF_model_1_model_1.pdb	0:0;1:1;2:2;3:3;4:4;5:5;6:6;7:7;8:8;9:9;10:10;11:11;12:12;13:13;14:14;15:15;16:16;17:17;18:18;19:19;20:20;21:21;22:22;23:23;24:24;25:25;26:26;27:27;28:28;29:29;30:30;31:31;32:32;33:33;34:34;35:35;36:36;37:37;38:38;39:39;40:40;41:41;42:42;43:43;44:44;45:45;46:46;47:47;48:48;49:49;50:50;51:51;52:52;53:53;54:54;55:55;56:56;57:57;58:58;59:59;60:60;61:61;62:62;63:63;64:64;65:65;66:66;67:67;68:68;69:69;70:70;71:71;72:72;73:73;74:74;75:75;76:76;77:77;78:78;79:79;80:80;81:81;82:82;83:83;84:84;85:85;86:86;87:87;88:88;89:89;90:90;91:91;92:92;93:93;94:94;95:95;96:96;97:97;98:98;99:99;100:100;101:101;102:102;103:103;104:104;105:105;106:106;107:107;108:108;109:109;110:110;111:111;112:112;113:113;114:114;115:115;116:116;117:117;118:118;119:119;120:120;121:121;122:122;123:123;124:124;125:125;126:126;127:127;128:128;129:129;130:130;131:131;132:132;133:133;134:134;135:135;136:136;137:137;138:138;139:139;140:140;141:141;142:142;143:143;144:144;145:145;146:146;147:147;148:148;149:149;150:150;151:151;152:152;153:153;154:154;155:155;156:156;157:157;158:158;159:159;160:160;161:161;162:162;163:163;164:164;165:165;166:166;167:167;168:168;169:169;170:170;171:171;172:172;173:173;174:174	0	183;182;181;180;179;178;177;176;175	False	0			B2705
B0801_FIKQGFNNL	GSHSMRYFDTAMSRPGRGEPRFISVGYVDDTQFVRFDSDAASPREEPRAPWIEQEGPEYWDRNTQIFKTNTQTDRESLRNLRGYYNQSEAGSHTLQSMYGCDVGPDGRLLRGHNQYAYDGKDYIALNEDLRSWTAADTAAQITQRKWEAARVAEQDRAYLEGTCVEWLRRYLENG/FIKQGFNNL	datasets_alphafold_finetune/pmhc_finetune/alignments/B0801_alignments.tsv	datasets_alphafold_finetune/pmhc_finetune/natives/run115_batch_0793B0801_FIKQGFNNL_model_1_model_1.pdb	0:0;1:1;2:2;3:3;4:4;5:5;6:6;7:7;8:8;9:9;10:10;11:11;12:12;13:13;14:14;15:15;16:16;17:17;18:18;19:19;20:20;21:21;22:22;23:23;24:24;25:25;26:26;27:27;28:28;29:29;30:30;31:31;32:32;33:33;34:34;35:35;36:36;37:37;38:38;39:39;40:40;41:41;42:42;43:43;44:44;45:45;46:46;47:47;48:48;49:49;50:50;51:51;52:52;53:53;54:54;55:55;56:56;57:57;58:58;59:59;60:60;61:61;62:62;63:63;64:64;65:65;66:66;67:67;68:68;69:69;70:70;71:71;72:72;73:73;74:74;75:75;76:76;77:77;78:78;79:79;80:80;81:81;82:82;83:83;84:84;85:85;86:86;87:87;88:88;89:89;90:90;91:91;92:92;93:93;94:94;95:95;96:96;97:97;98:98;99:99;100:100;101:101;102:102;103:103;104:104;105:105;106:106;107:107;108:108;109:109;110:110;111:111;112:112;113:113;114:114;115:115;116:116;117:117;118:118;119:119;120:120;121:121;122:122;123:123;124:124;125:125;126:126;127:127;128:128;129:129;130:130;131:131;132:132;133:133;134:134;135:135;136:136;137:137;138:138;139:139;140:140;141:141;142:142;143:143;144:144;145:145;146:146;147:147;148:148;149:149;150:150;151:151;152:152;153:153;154:154;155:155;156:156;157:157;158:158;159:159;160:160;161:161;162:162;163:163;164:164;165:165;166:166;167:167;168:168;169:169;170:170;171:171;172:172;173:173;174:174	1	183;182;181;180;179;178;177;176;175	False	0			B0801
A3002_GMKRSFYVY	GSHSMRYFSTSVSRPGSGEPRFIAVGYVDDTQFVRFDSDAASQRMEPRAPWIEQERPEYWDQETRNVKAHSQTDRENLGTLRGYYNQSEAGSHTIQIMYGCDVGSDGRFLRGYEQHAYDGKDYIALNEDLRSWTAADMAAQITQRKWEAARRAEQLRAYLEGTCVEWLRRYLENG/GMKRSFYVY	datasets_alphafold_finetune/pmhc_finetune/alignments/A3002_alignments.tsv	datasets_alphafold_finetune/pmhc_finetune/natives/run115_batch_0793A3002_GMKRSFYVY_model_1_model_1.pdb	0:0;1:1;2:2;3:3;4:4;5:5;6:6;7:7;8:8;9:9;10:10;11:11;12:12;13:13;14:14;15:15;16:16;17:17;18:18;19:19;20:20;21:21;22:22;23:23;24:24;25:25;26:26;27:27;28:28;29:29;30:30;31:31;32:32;33:33;34:34;35:35;36:36;37:37;38:38;39:39;40:40;41:41;42:42;43:43;44:44;45:45;46:46;47:47;48:48;49:49;50:50;51:51;52:52;53:53;54:54;55:55;56:56;57:57;58:58;59:59;60:60;61:61;62:62;63:63;64:64;65:65;66:66;67:67;68:68;69:69;70:70;71:71;72:72;73:73;74:74;75:75;76:76;77:77;78:78;79:79;80:80;81:81;82:82;83:83;84:84;85:85;86:86;87:87;88:88;89:89;90:90;91:91;92:92;93:93;94:94;95:95;96:96;97:97;98:98;99:99;100:100;101:101;102:102;103:103;104:104;105:105;106:106;107:107;108:108;109:109;110:110;111:111;112:112;113:113;114:114;115:115;116:116;117:117;118:118;119:119;120:120;121:121;122:122;123:123;124:124;125:125;126:126;127:127;128:128;129:129;130:130;131:131;132:132;133:133;134:134;135:135;136:136;137:137;138:138;139:139;140:140;141:141;142:142;143:143;144:144;145:145;146:146;147:147;148:148;149:149;150:150;151:151;152:152;153:153;154:154;155:155;156:156;157:157;158:158;159:159;160:160;161:161;162:162;163:163;164:164;165:165;166:166;167:167;168:168;169:169;170:170;171:171;172:172;173:173;174:174	1	183;182;181;180;179;178;177;176;175	False	0			A3002
A6802_MQWNSTTFH	GSHSMRYFYTSMSRPGRGEPRFIAVGYVDDTQFVRFDSDAASQRMEPRAPWIEQEGPEYWDRNTRNVKAQSQTDRVDLGTLRGYYNQSEAGSHTIQRMYGCDVGPDGRFLRGYHQYAYDGKDYIALKEDLRSWTAADMAAQTTKHKWEAAHVAEQWRAYLEGTCVEWLRRYLENG/MQWNSTTFH	datasets_alphafold_finetune/pmhc_finetune/alignments/A6802_alignments.tsv	datasets_alphafold_finetune/pmhc_finetune/natives/run115_batch_0794A6802_MQWNSTTFH_model_1_model_1.pdb	0:0;1:1;2:2;3:3;4:4;5:5;6:6;7:7;8:8;9:9;10:10;11:11;12:12;13:13;14:14;15:15;16:16;17:17;18:18;19:19;20:20;21:21;22:22;23:23;24:24;25:25;26:26;27:27;28:28;29:29;30:30;31:31;32:32;33:33;34:34;35:35;36:36;37:37;38:38;39:39;40:40;41:41;42:42;43:43;44:44;45:45;46:46;47:47;48:48;49:49;50:50;51:51;52:52;53:53;54:54;55:55;56:56;57:57;58:58;59:59;60:60;61:61;62:62;63:63;64:64;65:65;66:66;67:67;68:68;69:69;70:70;71:71;72:72;73:73;74:74;75:75;76:76;77:77;78:78;79:79;80:80;81:81;82:82;83:83;84:84;85:85;86:86;87:87;88:88;89:89;90:90;91:91;92:92;93:93;94:94;95:95;96:96;97:97;98:98;99:99;100:100;101:101;102:102;103:103;104:104;105:105;106:106;107:107;108:108;109:109;110:110;111:111;112:112;113:113;114:114;115:115;116:116;117:117;118:118;119:119;120:120;121:121;122:122;123:123;124:124;125:125;126:126;127:127;128:128;129:129;130:130;131:131;132:132;133:133;134:134;135:135;136:136;137:137;138:138;139:139;140:140;141:141;142:142;143:143;144:144;145:145;146:146;147:147;148:148;149:149;150:150;151:151;152:152;153:153;154:154;155:155;156:156;157:157;158:158;159:159;160:160;161:161;162:162;163:163;164:164;165:165;166:166;167:167;168:168;169:169;170:170;171:171;172:172;173:173;174:174	0	183;182;181;180;179;178;177;176;175	False	0			A6802
A3301_IVLFQRFLR	GSHSMRYFTTSVSRPGRGEPRFIAVGYVDDTQFVRFDSDAASQRMEPRAPWIEQEGPEYWDRNTRNVKAHSQIDRVDLGTLRGYYNQSEAGSHTIQMMYGCDVGSDGRFLRGYQQDAYDGKDYIALNEDLRSWTAADMAAQITQRKWEAARVAEQLRAYLEGTCVEWLRRHLENG/IVLFQRFLR	datasets_alphafold_finetune/pmhc_finetune/alignments/A3301_alignments.tsv	datasets_alphafold_finetune/pmhc_finetune/natives/run115_batch_0797A3301_IVLFQRFLR_model_1_model_1.pdb	0:0;1:1;2:2;3:3;4:4;5:5;6:6;7:7;8:8;9:9;10:10;11:11;12:12;13:13;14:14;15:15;16:16;17:17;18:18;19:19;20:20;21:21;22:22;23:23;24:24;25:25;26:26;27:27;28:28;29:29;30:30;31:31;32:32;33:33;34:34;35:35;36:36;37:37;38:38;39:39;40:40;41:41;42:42;43:43;44:44;45:45;46:46;47:47;48:48;49:49;50:50;51:51;52:52;53:53;54:54;55:55;56:56;57:57;58:58;59:59;60:60;61:61;62:62;63:63;64:64;65:65;66:66;67:67;68:68;69:69;70:70;71:71;72:72;73:73;74:74;75:75;76:76;77:77;78:78;79:79;80:80;81:81;82:82;83:83;84:84;85:85;86:86;87:87;88:88;89:89;90:90;91:91;92:92;93:93;94:94;95:95;96:96;97:97;98:98;99:99;100:100;101:101;102:102;103:103;104:104;105:105;106:106;107:107;108:108;109:109;110:110;111:111;112:112;113:113;114:114;115:115;116:116;117:117;118:118;119:119;120:120;121:121;122:122;123:123;124:124;125:125;126:126;127:127;128:128;129:129;130:130;131:131;132:132;133:133;134:134;135:135;136:136;137:137;138:138;139:139;140:140;141:141;142:142;143:143;144:144;145:145;146:146;147:147;148:148;149:149;150:150;151:151;152:152;153:153;154:154;155:155;156:156;157:157;158:158;159:159;160:160;161:161;162:162;163:163;164:164;165:165;166:166;167:167;168:168;169:169;170:170;171:171;172:172;173:173;174:174	1	183;182;181;180;179;178;177;176;175	False	0			A3301
A2601_ETIEDYLGY	GSHSMRYFYTSVSRPGRGEPRFIAVGYVDDTQFVRFDSDAASQRMEPRAPWIEQEGPEYWDRNTRNVKAHSQTDRANLGTLRGYYNQSEDGSHTIQRMYGCDVGPDGRFLRGYQQDAYDGKDYIALNEDLRSWTAADMAAQITQRKWETAHEAEQWRAYLEGRCVEWLRRYLENG/ETIEDYLGY	datasets_alphafold_finetune/pmhc_finetune/alignments/A2601_alignments.tsv	datasets_alphafold_finetune/pmhc_finetune/natives/run115_batch_0798A2601_ETIEDYLGY_model_1_model_1.pdb	0:0;1:1;2:2;3:3;4:4;5:5;6:6;7:7;8:8;9:9;10:10;11:11;12:12;13:13;14:14;15:15;16:16;17:17;18:18;19:19;20:20;21:21;22:22;23:23;24:24;25:25;26:26;27:27;28:28;29:29;30:30;31:31;32:32;33:33;34:34;35:35;36:36;37:37;38:38;39:39;40:40;41:41;42:42;43:43;44:44;45:45;46:46;47:47;48:48;49:49;50:50;51:51;52:52;53:53;54:54;55:55;56:56;57:57;58:58;59:59;60:60;61:61;62:62;63:63;64:64;65:65;66:66;67:67;68:68;69:69;70:70;71:71;72:72;73:73;74:74;75:75;76:76;77:77;78:78;79:79;80:80;81:81;82:82;83:83;84:84;85:85;86:86;87:87;88:88;89:89;90:90;91:91;92:92;93:93;94:94;95:95;96:96;97:97;98:98;99:99;100:100;101:101;102:102;103:103;104:104;105:105;106:106;107:107;108:108;109:109;110:110;111:111;112:112;113:113;114:114;115:115;116:116;117:117;118:118;119:119;120:120;121:121;122:122;123:123;124:124;125:125;126:126;127:127;128:128;129:129;130:130;131:131;132:132;133:133;134:134;135:135;136:136;137:137;138:138;139:139;140:140;141:141;142:142;143:143;144:144;145:145;146:146;147:147;148:148;149:149;150:150;151:151;152:152;153:153;154:154;155:155;156:156;157:157;158:158;159:159;160:160;161:161;162:162;163:163;164:164;165:165;166:166;167:167;168:168;169:169;170:170;171:171;172:172;173:173;174:174	1	183;182;181;180;179;178;177;176;175	False	0			A2601
B5801_HSAYWAFTW	GSHSMRYFYTAMSRPGRGEPRFIAVGYVDDTQFVRFDSDAASPRTEPRAPWIEQEGPEYWDGETRNMKASAQTYRENLRIALRYYNQSEAGSHIIQRMYGCDLGPDGRLLRGHDQSAYDGKDYIALNEDLSSWTAADTAAQITQRKWEAARVAEQLRAYLEGLCVEWLRRYLENG/HSAYWAFTW	datasets_alphafold_finetune/pmhc_finetune/alignments/B5801_alignments.tsv	datasets_alphafold_finetune/pmhc_finetune/natives/run115_batch_0799B5801_HSAYWAFTW_model_1_model_1.pdb	0:0;1:1;2:2;3:3;4:4;5:5;6:6;7:7;8:8;9:9;10:10;11:11;12:12;13:13;14:14;15:15;16:16;17:17;18:18;19:19;20:20;21:21;22:22;23:23;24:24;25:25;26:26;27:27;28:28;29:29;30:30;31:31;32:32;33:33;34:34;35:35;36:36;37:37;38:38;39:39;40:40;41:41;42:42;43:43;44:44;45:45;46:46;47:47;48:48;49:49;50:50;51:51;52:52;53:53;54:54;55:55;56:56;57:57;58:58;59:59;60:60;61:61;62:62;63:63;64:64;65:65;66:66;67:67;68:68;69:69;70:70;71:71;72:72;73:73;74:74;75:75;76:76;77:77;78:78;79:79;80:80;81:81;82:82;83:83;84:84;85:85;86:86;87:87;88:88;89:89;90:90;91:91;92:92;93:93;94:94;95:95;96:96;97:97;98:98;99:99;100:100;101:101;102:102;103:103;104:104;105:105;106:106;107:107;108:108;109:109;110:110;111:111;112:112;113:113;114:114;115:115;116:116;117:117;118:118;119:119;120:120;121:121;122:122;123:123;124:124;125:125;126:126;127:127;128:128;129:129;130:130;131:131;132:132;133:133;134:134;135:135;136:136;137:137;138:138;139:139;140:140;141:141;142:142;143:143;144:144;145:145;146:146;147:147;148:148;149:149;150:150;151:151;152:152;153:153;154:154;155:155;156:156;157:157;158:158;159:159;160:160;161:161;162:162;163:163;164:164;165:165;166:166;167:167;168:168;169:169;170:170;171:171;172:172;173:173;174:174	1	183;182;181;180;179;178;177;176;175	False	0			B5801
A2403_APILIEHGL	GSHSMRYFSTSVSRPGRGEPRFIAVGYVDDTQFVRFDSDAASQRMEPRAPWIEQEGPEYWDEETGKVKAHSQTDRENLRIALRYYNQSEAGSHTLQMMFGCDVGSDGRFLRGYHQYAYDGKDYIALKEDLRSWTAADMAAQITKRKWEAAHVAEQQRAYLEGTCVEWLRRYLENG/APILIEHGL	datasets_alphafold_finetune/pmhc_finetune/alignments/A2403_alignments.tsv	datasets_alphafold_finetune/pmhc_finetune/natives/run115_batch_0812A2403_APILIEHGL_model_1_model_1.pdb	0:0;1:1;2:2;3:3;4:4;5:5;6:6;7:7;8:8;9:9;10:10;11:11;12:12;13:13;14:14;15:15;16:16;17:17;18:18;19:19;20:20;21:21;22:22;23:23;24:24;25:25;26:26;27:27;28:28;29:29;30:30;31:31;32:32;33:33;34:34;35:35;36:36;37:37;38:38;39:39;40:40;41:41;42:42;43:43;44:44;45:45;46:46;47:47;48:48;49:49;50:50;51:51;52:52;53:53;54:54;55:55;56:56;57:57;58:58;59:59;60:60;61:61;62:62;63:63;64:64;65:65;66:66;67:67;68:68;69:69;70:70;71:71;72:72;73:73;74:74;75:75;76:76;77:77;78:78;79:79;80:80;81:81;82:82;83:83;84:84;85:85;86:86;87:87;88:88;89:89;90:90;91:91;92:92;93:93;94:94;95:95;96:96;97:97;98:98;99:99;100:100;101:101;102:102;103:103;104:104;105:105;106:106;107:107;108:108;109:109;110:110;111:111;112:112;113:113;114:114;115:115;116:116;117:117;118:118;119:119;120:120;121:121;122:122;123:123;124:124;125:125;126:126;127:127;128:128;129:129;130:130;131:131;132:132;133:133;134:134;135:135;136:136;137:137;138:138;139:139;140:140;141:141;142:142;143:143;144:144;145:145;146:146;147:147;148:148;149:149;150:150;151:151;152:152;153:153;154:154;155:155;156:156;157:157;158:158;159:159;160:160;161:161;162:162;163:163;164:164;165:165;166:166;167:167;168:168;169:169;170:170;171:171;172:172;173:173;174:174	0	183;182;181;180;179;178;177;176;175	False	0			A2403
A0212_AILLYYIEL	GSHSMRYFFTSVSRPGRGEPRFIAVGYVDDTQFVRFDSDAASQRMEPRAPWIEQEGPEYWDGETRKVKAHSQTHRVDLGTLRGYYNQSEAGSHTVQRMYGCDVGSDWRFLRGYHQYAYDGKDYIALKEDLRSWTAADMAAQTTKHKWEAAHVAEQQRAYLEGTCVEWLRRYLENG/AILLYYIEL	datasets_alphafold_finetune/pmhc_finetune/alignments/A0212_alignments.tsv	datasets_alphafold_finetune/pmhc_finetune/natives/run115_batch_0861A0212_AILLYYIEL_model_1_model_1.pdb	0:0;1:1;2:2;3:3;4:4;5:5;6:6;7:7;8:8;9:9;10:10;11:11;12:12;13:13;14:14;15:15;16:16;17:17;18:18;19:19;20:20;21:21;22:22;23:23;24:24;25:25;26:26;27:27;28:28;29:29;30:30;31:31;32:32;33:33;34:34;35:35;36:36;37:37;38:38;39:39;40:40;41:41;42:42;43:43;44:44;45:45;46:46;47:47;48:48;49:49;50:50;51:51;52:52;53:53;54:54;55:55;56:56;57:57;58:58;59:59;60:60;61:61;62:62;63:63;64:64;65:65;66:66;67:67;68:68;69:69;70:70;71:71;72:72;73:73;74:74;75:75;76:76;77:77;78:78;79:79;80:80;81:81;82:82;83:83;84:84;85:85;86:86;87:87;88:88;89:89;90:90;91:91;92:92;93:93;94:94;95:95;96:96;97:97;98:98;99:99;100:100;101:101;102:102;103:103;104:104;105:105;106:106;107:107;108:108;109:109;110:110;111:111;112:112;113:113;114:114;115:115;116:116;117:117;118:118;119:119;120:120;121:121;122:122;123:123;124:124;125:125;126:126;127:127;128:128;129:129;130:130;131:131;132:132;133:133;134:134;135:135;136:136;137:137;138:138;139:139;140:140;141:141;142:142;143:143;144:144;145:145;146:146;147:147;148:148;149:149;150:150;151:151;152:152;153:153;154:154;155:155;156:156;157:157;158:158;159:159;160:160;161:161;162:162;163:163;164:164;165:165;166:166;167:167;168:168;169:169;170:170;171:171;172:172;173:173;174:174	0	183;182;181;180;179;178;177;176;175	False	0			A0212
B3901_EAGAAVAAE	GSHSMRYFYTSVSRPGRGEPRFISVGYVDDTQFVRFDSDAASPREEPRAPWIEQEGPEYWDRNTQICKTNTQTDRESLRNLRGYYNQSEAGSHTLQRMYGCDVGPDGRLLRGHNQFAYDGKDYIALNEDLSSWTAADTAAQITQRKWEAARVAEQLRTYLEGTCVEWLRRYLENG/EAGAAVAAE	datasets_alphafold_finetune/pmhc_finetune/alignments/B3901_alignments.tsv	datasets_alphafold_finetune/pmhc_finetune/natives/run115_batch_0865B3901_EAGAAVAAE_model_1_model_1.pdb	0:0;1:1;2:2;3:3;4:4;5:5;6:6;7:7;8:8;9:9;10:10;11:11;12:12;13:13;14:14;15:15;16:16;17:17;18:18;19:19;20:20;21:21;22:22;23:23;24:24;25:25;26:26;27:27;28:28;29:29;30:30;31:31;32:32;33:33;34:34;35:35;36:36;37:37;38:38;39:39;40:40;41:41;42:42;43:43;44:44;45:45;46:46;47:47;48:48;49:49;50:50;51:51;52:52;53:53;54:54;55:55;56:56;57:57;58:58;59:59;60:60;61:61;62:62;63:63;64:64;65:65;66:66;67:67;68:68;69:69;70:70;71:71;72:72;73:73;74:74;75:75;76:76;77:77;78:78;79:79;80:80;81:81;82:82;83:83;84:84;85:85;86:86;87:87;88:88;89:89;90:90;91:91;92:92;93:93;94:94;95:95;96:96;97:97;98:98;99:99;100:100;101:101;102:102;103:103;104:104;105:105;106:106;107:107;108:108;109:109;110:110;111:111;112:112;113:113;114:114;115:115;116:116;117:117;118:118;119:119;120:120;121:121;122:122;123:123;124:124;125:125;126:126;127:127;128:128;129:129;130:130;131:131;132:132;133:133;134:134;135:135;136:136;137:137;138:138;139:139;140:140;141:141;142:142;143:143;144:144;145:145;146:146;147:147;148:148;149:149;150:150;151:151;152:152;153:153;154:154;155:155;156:156;157:157;158:158;159:159;160:160;161:161;162:162;163:163;164:164;165:165;166:166;167:167;168:168;169:169;170:170;171:171;172:172;173:173;174:174	0	183;182;181;180;179;178;177;176;175	False	0			B3901
DRB1_0101_True_LLNNQFGTMPSLTLA_4	HVIIQAEFYLNPDQSGEFMFDFDGDEIFHVDMAKKETVWRLEEFGRFASFEAQGALANIAVDKANLEIMTKRSN/FLWQLKFECHFFNGTERVRLLERCIYNQEESVRFDSDVGEYRAVTELGRPDAEYWNSQKDLLEQRRAAVDTYCRHNYGVGESFTV/QFGTMPSLTLA	datasets_alphafold_finetune/pmhc_finetune/alignments/DRB1_0101_templates.tsv	datasets_alphafold_finetune/pmhc_finetune/natives/run135_batch_0018DRB1_0101_True_LLNNQFGTMPSLTLA_4_model_1_model_1.pdb	0:0;1:1;2:2;3:3;4:4;5:5;6:6;7:7;8:8;9:9;10:10;11:11;12:12;13:13;14:14;15:15;16:16;17:17;18:18;19:19;20:20;21:21;22:22;23:23;24:24;25:25;26:26;27:27;28:28;29:29;30:30;31:31;32:32;33:33;34:34;35:35;36:36;37:37;38:38;39:39;40:40;41:41;42:42;43:43;44:44;45:45;46:46;47:47;48:48;49:49;50:50;51:51;52:52;53:53;54:54;55:55;56:56;57:57;58:58;59:59;60:60;61:61;62:62;63:63;64:64;65:65;66:66;67:67;68:68;69:69;70:70;71:71;72:72;73:73;74:74;75:75;76:76;77:77;78:78;79:79;80:80;81:81;82:82;83:83;84:84;85:85;86:86;87:87;88:88;89:89;90:90;91:91;92:92;93:93;94:94;95:95;96:96;97:97;98:98;99:99;100:100;101:101;102:102;103:103;104:104;105:105;106:106;107:107;108:108;109:109;110:110;111:111;112:112;113:113;114:114;115:115;116:116;117:117;118:118;119:119;120:120;121:121;122:122;123:123;124:124;125:125;126:126;127:127;128:128;129:129;130:130;131:131;132:132;133:133;134:134;135:135;136:136;137:137;138:138;139:139;140:140;141:141;142:142;143:143;144:144;145:145;146:146;147:147;148:148;149:149;150:150;151:151;152:152;153:153;154:154;155:155;156:156;157:157;158:158	1	159;160;161;162;163;164;165;166;167;168;169	False	1	159.0	170.0	DRB1_0101
DRB1_1602_True_STVLGFAALAAAAAF_4	HVIIQAEFYLNPDQSGEFMFDFDGDEIFHVDMAKKETVWRLEEFGRFASFEAQGALANIAVDKANLEIMTKRSN/FLWQPKRECHFFNGTERVRFLDRYFYNQEESVRFDSDVGEYRAVTELGRPDAEYWNSQKDLLEDRRAAVDTYCRHNYGVGESFTV/GFAALAAAAAF	datasets_alphafold_finetune/pmhc_finetune/alignments/DRB1_1602_templates.tsv	datasets_alphafold_finetune/pmhc_finetune/natives/run135_batch_0815DRB1_1602_True_STVLGFAALAAAAAF_4_model_1_model_1.pdb	0:0;1:1;2:2;3:3;4:4;5:5;6:6;7:7;8:8;9:9;10:10;11:11;12:12;13:13;14:14;15:15;16:16;17:17;18:18;19:19;20:20;21:21;22:22;23:23;24:24;25:25;26:26;27:27;28:28;29:29;30:30;31:31;32:32;33:33;34:34;35:35;36:36;37:37;38:38;39:39;40:40;41:41;42:42;43:43;44:44;45:45;46:46;47:47;48:48;49:49;50:50;51:51;52:52;53:53;54:54;55:55;56:56;57:57;58:58;59:59;60:60;61:61;62:62;63:63;64:64;65:65;66:66;67:67;68:68;69:69;70:70;71:71;72:72;73:73;74:74;75:75;76:76;77:77;78:78;79:79;80:80;81:81;82:82;83:83;84:84;85:85;86:86;87:87;88:88;89:89;90:90;91:91;92:92;93:93;94:94;95:95;96:96;97:97;98:98;99:99;100:100;101:101;102:102;103:103;104:104;105:105;106:106;107:107;108:108;109:109;110:110;111:111;112:112;113:113;114:114;115:115;116:116;117:117;118:118;119:119;120:120;121:121;122:122;123:123;124:124;125:125;126:126;127:127;128:128;129:129;130:130;131:131;132:132;133:133;134:134;135:135;136:136;137:137;138:138;139:139;140:140;141:141;142:142;143:143;144:144;145:145;146:146;147:147;148:148;149:149;150:150;151:151;152:152;153:153;154:154;155:155;156:156;157:157;158:158	1	159;160;161;162;163;164;165;166;167;168;169	False	1	159.0	170.0	DRB1_1602
DRB1_0404_True_GRLLRGYNQFAYDG_1	HVIIQAEFYLNPDQSGEFMFDFDGDEIFHVDMAKKETVWRLEEFGRFASFEAQGALANIAVDKANLEIMTKRSN/FLEQVKHECHFFNGTERVRFLDRYFYHQEEYVRFDSDVGEYRAVTELGRPDAEYWNSQKDLLEQRRAAVDTYCRHNYGVVESFTV/RLLRGYNQFAY	datasets_alphafold_finetune/pmhc_finetune/alignments/DRB1_0404_templates.tsv	datasets_alphafold_finetune/pmhc_finetune/natives/run135_batch_0898DRB1_0404_True_GRLLRGYNQFAYDG_1_model_1_model_1.pdb	0:0;1:1;2:2;3:3;4:4;5:5;6:6;7:7;8:8;9:9;10:10;11:11;12:12;13:13;14:14;15:15;16:16;17:17;18:18;19:19;20:20;21:21;22:22;23:23;24:24;25:25;26:26;27:27;28:28;29:29;30:30;31:31;32:32;33:33;34:34;35:35;36:36;37:37;38:38;39:39;40:40;41:41;42:42;43:43;44:44;45:45;46:46;47:47;48:48;49:49;50:50;51:51;52:52;53:53;54:54;55:55;56:56;57:57;58:58;59:59;60:60;61:61;62:62;63:63;64:64;65:65;66:66;67:67;68:68;69:69;70:70;71:71;72:72;73:73;74:74;75:75;76:76;77:77;78:78;79:79;80:80;81:81;82:82;83:83;84:84;85:85;86:86;87:87;88:88;89:89;90:90;91:91;92:92;93:93;94:94;95:95;96:96;97:97;98:98;99:99;100:100;101:101;102:102;103:103;104:104;105:105;106:106;107:107;108:108;109:109;110:110;111:111;112:112;113:113;114:114;115:115;116:116;117:117;118:118;119:119;120:120;121:121;122:122;123:123;124:124;125:125;126:126;127:127;128:128;129:129;130:130;131:131;132:132;133:133;134:134;135:135;136:136;137:137;138:138;139:139;140:140;141:141;142:142;143:143;144:144;145:145;146:146;147:147;148:148;149:149;150:150;151:151;152:152;153:153;154:154;155:155;156:156;157:157;158:158	1	159;160;161;162;163;164;165;166;167;168;169	False	1	159.0	170.0	DRB1_0404
DRB1_0401_True_LLNNQFGTMPSLTLA_4	HVIIQAEFYLNPDQSGEFMFDFDGDEIFHVDMAKKETVWRLEEFGRFASFEAQGALANIAVDKANLEIMTKRSN/FLEQVKHECHFFNGTERVRFLDRYFYHQEEYVRFDSDVGEYRAVTELGRPDAEYWNSQKDLLEQKRAAVDTYCRHNYGVGESFTV/QFGTMPSLTLA	datasets_alphafold_finetune/pmhc_finetune/alignments/DRB1_0401_templates.tsv	datasets_alphafold_finetune/pmhc_finetune/natives/run135_batch_0317DRB1_0401_True_LLNNQFGTMPSLTLA_4_model_1_model_1.pdb	0:0;1:1;2:2;3:3;4:4;5:5;6:6;7:7;8:8;9:9;10:10;11:11;12:12;13:13;14:14;15:15;16:16;17:17;18:18;19:19;20:20;21:21;22:22;23:23;24:24;25:25;26:26;27:27;28:28;29:29;30:30;31:31;32:32;33:33;34:34;35:35;36:36;37:37;38:38;39:39;40:40;41:41;42:42;43:43;44:44;45:45;46:46;47:47;48:48;49:49;50:50;51:51;52:52;53:53;54:54;55:55;56:56;57:57;58:58;59:59;60:60;61:61;62:62;63:63;64:64;65:65;66:66;67:67;68:68;69:69;70:70;71:71;72:72;73:73;74:74;75:75;76:76;77:77;78:78;79:79;80:80;81:81;82:82;83:83;84:84;85:85;86:86;87:87;88:88;89:89;90:90;91:91;92:92;93:93;94:94;95:95;96:96;97:97;98:98;99:99;100:100;101:101;102:102;103:103;104:104;105:105;106:106;107:107;108:108;109:109;110:110;111:111;112:112;113:113;114:114;115:115;116:116;117:117;118:118;119:119;120:120;121:121;122:122;123:123;124:124;125:125;126:126;127:127;128:128;129:129;130:130;131:131;132:132;133:133;134:134;135:135;136:136;137:137;138:138;139:139;140:140;141:141;142:142;143:143;144:144;145:145;146:146;147:147;148:148;149:149;150:150;151:151;152:152;153:153;154:154;155:155;156:156;157:157;158:158	1	159;160;161;162;163;164;165;166;167;168;169	False	1	159.0	170.0	DRB1_0401
DRB3_0101_True_AFILDGGNLFPKV_0	HVIIQAEFYLNPDQSGEFMFDFDGDEIFHVDMAKKETVWRLEEFGRFASFEAQGALANIAVDKANLEIMTKRSN/FLELRKSECHFFNGTERVRYLDRYFHNQEEFLRFDSDVGEYRAVTELGRPVAESWNSQKDLLEQKRGRVDNYCRHNYGVGESFTV/AFILDGGNLFP	datasets_alphafold_finetune/pmhc_finetune/alignments/DRB3_0101_templates.tsv	datasets_alphafold_finetune/pmhc_finetune/natives/run135_batch_0456DRB3_0101_True_AFILDGGNLFPKV_0_model_1_model_1.pdb	0:0;1:1;2:2;3:3;4:4;5:5;6:6;7:7;8:8;9:9;10:10;11:11;12:12;13:13;14:14;15:15;16:16;17:17;18:18;19:19;20:20;21:21;22:22;23:23;24:24;25:25;26:26;27:27;28:28;29:29;30:30;31:31;32:32;33:33;34:34;35:35;36:36;37:37;38:38;39:39;40:40;41:41;42:42;43:43;44:44;45:45;46:46;47:47;48:48;49:49;50:50;51:51;52:52;53:53;54:54;55:55;56:56;57:57;58:58;59:59;60:60;61:61;62:62;63:63;64:64;65:65;66:66;67:67;68:68;69:69;70:70;71:71;72:72;73:73;74:74;75:75;76:76;77:77;78:78;79:79;80:80;81:81;82:82;83:83;84:84;85:85;86:86;87:87;88:88;89:89;90:90;91:91;92:92;93:93;94:94;95:95;96:96;97:97;98:98;99:99;100:100;101:101;102:102;103:103;104:104;105:105;106:106;107:107;108:108;109:109;110:110;111:111;112:112;113:113;114:114;115:115;116:116;117:117;118:118;119:119;120:120;121:121;122:122;123:123;124:124;125:125;126:126;127:127;128:128;129:129;130:130;131:131;132:132;133:133;134:134;135:135;136:136;137:137;138:138;139:139;140:140;141:141;142:142;143:143;144:144;145:145;146:146;147:147;148:148;149:149;150:150;151:151;152:152;153:153;154:154;155:155;156:156;157:157;158:158	1	159;160;161;162;163;164;165;166;167;168;169	False	1	159.0	170.0	DRB3_0101
DRB1_0301_True_AGWLFHVRGARRSGD_2	HVIIQAEFYLNPDQSGEFMFDFDGDEIFHVDMAKKETVWRLEEFGRFASFEAQGALANIAVDKANLEIMTKRSN/FLEYSTSECHFFNGTERVRYLDRYFHNQEENVRFDSDVGEFRAVTELGRPDAEYWNSQKDLLEQKRGRVDNYCRHNYGVVESFTV/WLFHVRGARRS	datasets_alphafold_finetune/pmhc_finetune/alignments/DRB1_0301_templates.tsv	datasets_alphafold_finetune/pmhc_finetune/natives/run135_batch_1087DRB1_0301_True_AGWLFHVRGARRSGD_2_model_1_model_1.pdb	0:0;1:1;2:2;3:3;4:4;5:5;6:6;7:7;8:8;9:9;10:10;11:11;12:12;13:13;14:14;15:15;16:16;17:17;18:18;19:19;20:20;21:21;22:22;23:23;24:24;25:25;26:26;27:27;28:28;29:29;30:30;31:31;32:32;33:33;34:34;35:35;36:36;37:37;38:38;39:39;40:40;41:41;42:42;43:43;44:44;45:45;46:46;47:47;48:48;49:49;50:50;51:51;52:52;53:53;54:54;55:55;56:56;57:57;58:58;59:59;60:60;61:61;62:62;63:63;64:64;65:65;66:66;67:67;68:68;69:69;70:70;71:71;72:72;73:73;74:74;75:75;76:76;77:77;78:78;79:79;80:80;81:81;82:82;83:83;84:84;85:85;86:86;87:87;88:88;89:89;90:90;91:91;92:92;93:93;94:94;95:95;96:96;97:97;98:98;99:99;100:100;101:101;102:102;103:103;104:104;105:105;106:106;107:107;108:108;109:109;110:110;111:111;112:112;113:113;114:114;115:115;116:116;117:117;118:118;119:119;120:120;121:121;122:122;123:123;124:124;125:125;126:126;127:127;128:128;129:129;130:130;131:131;132:132;133:133;134:134;135:135;136:136;137:137;138:138;139:139;140:140;141:141;142:142;143:143;144:144;145:145;146:146;147:147;148:148;149:149;150:150;151:151;152:152;153:153;154:154;155:155;156:156;157:157;158:158	1	159;160;161;162;163;164;165;166;167;168;169	False	1	159.0	170.0	DRB1_0301
DRB4_0101_True_GRGSGSSFEIKSTKPEASSG_8	HVIIQAEFYLNPDQSGEFMFDFDGDEIFHVDMAKKETVWRLEEFGRFASFEAQGALANIAVDKANLEIMTKRSN/FLEQAKCECHFLNGTERVWNLIRYIYNQEEYARYNSDLGEYQAVTELGRPDAEYWNSQKDLLERRRAEVDTYCRYNYGVVESFTV/EIKSTKPEASS	datasets_alphafold_finetune/pmhc_finetune/alignments/DRB4_0101_templates.tsv	datasets_alphafold_finetune/pmhc_finetune/natives/run135_batch_0712DRB4_0101_True_GRGSGSSFEIKSTKPEASSG_8_model_1_model_1.pdb	0:0;1:1;2:2;3:3;4:4;5:5;6:6;7:7;8:8;9:9;10:10;11:11;12:12;13:13;14:14;15:15;16:16;17:17;18:18;19:19;20:20;21:21;22:22;23:23;24:24;25:25;26:26;27:27;28:28;29:29;30:30;31:31;32:32;33:33;34:34;35:35;36:36;37:37;38:38;39:39;40:40;41:41;42:42;43:43;44:44;45:45;46:46;47:47;48:48;49:49;50:50;51:51;52:52;53:53;54:54;55:55;56:56;57:57;58:58;59:59;60:60;61:61;62:62;63:63;64:64;65:65;66:66;67:67;68:68;69:69;70:70;71:71;72:72;73:73;74:74;75:75;76:76;77:77;78:78;79:79;80:80;81:81;82:82;83:83;84:84;85:85;86:86;87:87;88:88;89:89;90:90;91:91;92:92;93:93;94:94;95:95;96:96;97:97;98:98;99:99;100:100;101:101;102:102;103:103;104:104;105:105;106:106;107:107;108:108;109:109;110:110;111:111;112:112;113:113;114:114;115:115;116:116;117:117;118:118;119:119;120:120;121:121;122:122;123:123;124:124;125:125;126:126;127:127;128:128;129:129;130:130;131:131;132:132;133:133;134:134;135:135;136:136;137:137;138:138;139:139;140:140;141:141;142:142;143:143;144:144;145:145;146:146;147:147;148:148;149:149;150:150;151:151;152:152;153:153;154:154;155:155;156:156;157:157;158:158	1	159;160;161;162;163;164;165;166;167;168;169	False	1	159.0	170.0	DRB4_0101
DRB1_1101_True_RMVLAFITFLRVLSI_4	HVIIQAEFYLNPDQSGEFMFDFDGDEIFHVDMAKKETVWRLEEFGRFASFEAQGALANIAVDKANLEIMTKRSN/FLEYSTSECHFFNGTERVRFLDRYFYNQEEYVRFDSDVGEFRAVTELGRPDEEYWNSQKDFLEDRRAAVDTYCRHNYGVGESFTV/AFITFLRVLSI	datasets_alphafold_finetune/pmhc_finetune/alignments/DRB1_1101_templates.tsv	datasets_alphafold_finetune/pmhc_finetune/natives/run135_batch_0592DRB1_1101_True_RMVLAFITFLRVLSI_4_model_1_model_1.pdb	0:0;1:1;2:2;3:3;4:4;5:5;6:6;7:7;8:8;9:9;10:10;11:11;12:12;13:13;14:14;15:15;16:16;17:17;18:18;19:19;20:20;21:21;22:22;23:23;24:24;25:25;26:26;27:27;28:28;29:29;30:30;31:31;32:32;33:33;34:34;35:35;36:36;37:37;38:38;39:39;40:40;41:41;42:42;43:43;44:44;45:45;46:46;47:47;48:48;49:49;50:50;51:51;52:52;53:53;54:54;55:55;56:56;57:57;58:58;59:59;60:60;61:61;62:62;63:63;64:64;65:65;66:66;67:67;68:68;69:69;70:70;71:71;72:72;73:73;74:74;75:75;76:76;77:77;78:78;79:79;80:80;81:81;82:82;83:83;84:84;85:85;86:86;87:87;88:88;89:89;90:90;91:91;92:92;93:93;94:94;95:95;96:96;97:97;98:98;99:99;100:100;101:101;102:102;103:103;104:104;105:105;106:106;107:107;108:108;109:109;110:110;111:111;112:112;113:113;114:114;115:115;116:116;117:117;118:118;119:119;120:120;121:121;122:122;123:123;124:124;125:125;126:126;127:127;128:128;129:129;130:130;131:131;132:132;133:133;134:134;135:135;136:136;137:137;138:138;139:139;140:140;141:141;142:142;143:143;144:144;145:145;146:146;147:147;148:148;149:149;150:150;151:151;152:152;153:153;154:154;155:155;156:156;157:157;158:158	1	159;160;161;162;163;164;165;166;167;168;169	False	1	159.0	170.0	DRB1_1101
DRB1_1501_True_CLMMMLPATLAFHLT_1	HVIIQAEFYLNPDQSGEFMFDFDGDEIFHVDMAKKETVWRLEEFGRFASFEAQGALANIAVDKANLEIMTKRSN/FLWQPKRECHFFNGTERVRFLDRYFYNQEESVRFDSDVGEFRAVTELGRPDAEYWNSQKDILEQARAAVDTYCRHNYGVVESFTV/LMMMLPATLAF	datasets_alphafold_finetune/pmhc_finetune/alignments/DRB1_1501_templates.tsv	datasets_alphafold_finetune/pmhc_finetune/natives/run135_batch_0404DRB1_1501_True_CLMMMLPATLAFHLT_1_model_1_model_1.pdb	0:0;1:1;2:2;3:3;4:4;5:5;6:6;7:7;8:8;9:9;10:10;11:11;12:12;13:13;14:14;15:15;16:16;17:17;18:18;19:19;20:20;21:21;22:22;23:23;24:24;25:25;26:26;27:27;28:28;29:29;30:30;31:31;32:32;33:33;34:34;35:35;36:36;37:37;38:38;39:39;40:40;41:41;42:42;43:43;44:44;45:45;46:46;47:47;48:48;49:49;50:50;51:51;52:52;53:53;54:54;55:55;56:56;57:57;58:58;59:59;60:60;61:61;62:62;63:63;64:64;65:65;66:66;67:67;68:68;69:69;70:70;71:71;72:72;73:73;74:74;75:75;76:76;77:77;78:78;79:79;80:80;81:81;82:82;83:83;84:84;85:85;86:86;87:87;88:88;89:89;90:90;91:91;92:92;93:93;94:94;95:95;96:96;97:97;98:98;99:99;100:100;101:101;102:102;103:103;104:104;105:105;106:106;107:107;108:108;109:109;110:110;111:111;112:112;113:113;114:114;115:115;116:116;117:117;118:118;119:119;120:120;121:121;122:122;123:123;124:124;125:125;126:126;127:127;128:128;129:129;130:130;131:131;132:132;133:133;134:134;135:135;136:136;137:137;138:138;139:139;140:140;141:141;142:142;143:143;144:144;145:145;146:146;147:147;148:148;149:149;150:150;151:151;152:152;153:153;154:154;155:155;156:156;157:157;158:158	1	159;160;161;162;163;164;165;166;167;168;169	False	1	159.0	170.0	DRB1_1501
DRB5_0101_True_EVVDYLGIPASARPV_3	HVIIQAEFYLNPDQSGEFMFDFDGDEIFHVDMAKKETVWRLEEFGRFASFEAQGALANIAVDKANLEIMTKRSN/FLQQDKYECHFFNGTERVRFLHRDIYNQEEDLRFDSDVGEYRAVTELGRPDAEYWNSQKDFLEDRRAAVDTYCRHNYGVGESFTV/DYLGIPASARP	datasets_alphafold_finetune/pmhc_finetune/alignments/DRB5_0101_templates.tsv	datasets_alphafold_finetune/pmhc_finetune/natives/run135_batch_0263DRB5_0101_True_EVVDYLGIPASARPV_3_model_1_model_1.pdb	0:0;1:1;2:2;3:3;4:4;5:5;6:6;7:7;8:8;9:9;10:10;11:11;12:12;13:13;14:14;15:15;16:16;17:17;18:18;19:19;20:20;21:21;22:22;23:23;24:24;25:25;26:26;27:27;28:28;29:29;30:30;31:31;32:32;33:33;34:34;35:35;36:36;37:37;38:38;39:39;40:40;41:41;42:42;43:43;44:44;45:45;46:46;47:47;48:48;49:49;50:50;51:51;52:52;53:53;54:54;55:55;56:56;57:57;58:58;59:59;60:60;61:61;62:62;63:63;64:64;65:65;66:66;67:67;68:68;69:69;70:70;71:71;72:72;73:73;74:74;75:75;76:76;77:77;78:78;79:79;80:80;81:81;82:82;83:83;84:84;85:85;86:86;87:87;88:88;89:89;90:90;91:91;92:92;93:93;94:94;95:95;96:96;97:97;98:98;99:99;100:100;101:101;102:102;103:103;104:104;105:105;106:106;107:107;108:108;109:109;110:110;111:111;112:112;113:113;114:114;115:115;116:116;117:117;118:118;119:119;120:120;121:121;122:122;123:123;124:124;125:125;126:126;127:127;128:128;129:129;130:130;131:131;132:132;133:133;134:134;135:135;136:136;137:137;138:138;139:139;140:140;141:141;142:142;143:143;144:144;145:145;146:146;147:147;148:148;149:149;150:150;151:151;152:152;153:153;154:154;155:155;156:156;157:157;158:158	1	159;160;161;162;163;164;165;166;167;168;169	False	1	159.0	170.0	DRB5_0101
DRB1_0802_True_AGMIIMLIPTVMAFH_3	HVIIQAEFYLNPDQSGEFMFDFDGDEIFHVDMAKKETVWRLEEFGRFASFEAQGALANIAVDKANLEIMTKRSN/FLEYSTGECYFFNGTERVRFLDRYFYNQEEYVRFDSDVGEYRAVTELGRPDAEYWNSQKDFLEDRRALVDTYCRHNYGVGESFTV/IIMLIPTVMAF	datasets_alphafold_finetune/pmhc_finetune/alignments/DRB1_0802_templates.tsv	datasets_alphafold_finetune/pmhc_finetune/natives/run135_batch_0521DRB1_0802_True_AGMIIMLIPTVMAFH_3_model_1_model_1.pdb	0:0;1:1;2:2;3:3;4:4;5:5;6:6;7:7;8:8;9:9;10:10;11:11;12:12;13:13;14:14;15:15;16:16;17:17;18:18;19:19;20:20;21:21;22:22;23:23;24:24;25:25;26:26;27:27;28:28;29:29;30:30;31:31;32:32;33:33;34:34;35:35;36:36;37:37;38:38;39:39;40:40;41:41;42:42;43:43;44:44;45:45;46:46;47:47;48:48;49:49;50:50;51:51;52:52;53:53;54:54;55:55;56:56;57:57;58:58;59:59;60:60;61:61;62:62;63:63;64:64;65:65;66:66;67:67;68:68;69:69;70:70;71:71;72:72;73:73;74:74;75:75;76:76;77:77;78:78;79:79;80:80;81:81;82:82;83:83;84:84;85:85;86:86;87:87;88:88;89:89;90:90;91:91;92:92;93:93;94:94;95:95;96:96;97:97;98:98;99:99;100:100;101:101;102:102;103:103;104:104;105:105;106:106;107:107;108:108;109:109;110:110;111:111;112:112;113:113;114:114;115:115;116:116;117:117;118:118;119:119;120:120;121:121;122:122;123:123;124:124;125:125;126:126;127:127;128:128;129:129;130:130;131:131;132:132;133:133;134:134;135:135;136:136;137:137;138:138;139:139;140:140;141:141;142:142;143:143;144:144;145:145;146:146;147:147;148:148;149:149;150:150;151:151;152:152;153:153;154:154;155:155;156:156;157:157;158:158	1	159;160;161;162;163;164;165;166;167;168;169	False	1	159.0	170.0	DRB1_0802
HLA-DPA10103-DPB10401_True_AAEQLWVTVYYGVPVWK_3	HVSTYAAFVQTHRPTGEFMFEFDEDEMFYVDLDKKETVWHLEEFGQAFSFEAQGGLANIAILNNNLNTLIQRSN/YLFQGRQECYAFNGTQRFLERYIYNREEFARFDSDVGEFRAVTELGRPAAEYWNSQKDILEEKRAVPDRMCRHNYELGGPMTL/QLWVTVYYGVP	datasets_alphafold_finetune/pmhc_finetune/alignments/HLA-DPA10103-DPB10401_templates.tsv	datasets_alphafold_finetune/pmhc_finetune/natives/run135_batch_0850HLA-DPA10103-DPB10401_True_AAEQLWVTVYYGVPVWK_3_model_1_model_1.pdb	0:0;1:1;2:2;3:3;4:4;5:5;6:6;7:7;8:8;9:9;10:10;11:11;12:12;13:13;14:14;15:15;16:16;17:17;18:18;19:19;20:20;21:21;22:22;23:23;24:24;25:25;26:26;27:27;28:28;29:29;30:30;31:31;32:32;33:33;34:34;35:35;36:36;37:37;38:38;39:39;40:40;41:41;42:42;43:43;44:44;45:45;46:46;47:47;48:48;49:49;50:50;51:51;52:52;53:53;54:54;55:55;56:56;57:57;58:58;59:59;60:60;61:61;62:62;63:63;64:64;65:65;66:66;67:67;68:68;69:69;70:70;71:71;72:72;73:73;74:74;75:75;76:76;77:77;78:78;79:79;80:80;81:81;82:82;83:83;84:84;85:85;86:86;87:87;88:88;89:89;90:90;91:91;92:92;93:93;94:94;95:95;96:96;97:97;98:98;99:99;100:100;101:101;102:102;103:103;104:104;105:105;106:106;107:107;108:108;109:109;110:110;111:111;112:112;113:113;114:114;115:115;116:116;117:117;118:118;119:119;120:120;121:121;122:122;123:123;124:124;125:125;126:126;127:127;128:128;129:129;130:130;131:131;132:132;133:133;134:134;135:135;136:136;137:137;138:138;139:139;140:140;141:141;142:142;143:143;144:144;145:145;146:146;147:147;148:148;149:149;150:150;151:151;152:152;153:153;154:154;155:155;156:156	1	157;158;159;160;161;162;163;164;165;166;167	False	1	157.0	168.0	HLA-DPA10103-DPB10401_True
HLA-DPA10301-DPB10402_True_EKKYFAATMFEPLAA_3	HVSTYAMFVQTHRPTGEFMFEFDEDEMFYVDLDKKETVWHLEEFGQAFSFEAQGGLANIAISNNNLNTLIQRSN/YLFQGRQECYAFNGTQRFLERYIYNREEFVRFDSDVGEFRAVTELGRPDEEYWNSQKDILEEKRAVPDRMCRHNYELGGPMTL/YFAATMFEPLA	datasets_alphafold_finetune/pmhc_finetune/alignments/HLA-DPA10301-DPB10402_templates.tsv	datasets_alphafold_finetune/pmhc_finetune/natives/run135_batch_0760HLA-DPA10301-DPB10402_True_EKKYFAATMFEPLAA_3_model_1_model_1.pdb	0:0;1:1;2:2;3:3;4:4;5:5;6:6;7:7;8:8;9:9;10:10;11:11;12:12;13:13;14:14;15:15;16:16;17:17;18:18;19:19;20:20;21:21;22:22;23:23;24:24;25:25;26:26;27:27;28:28;29:29;30:30;31:31;32:32;33:33;34:34;35:35;36:36;37:37;38:38;39:39;40:40;41:41;42:42;43:43;44:44;45:45;46:46;47:47;48:48;49:49;50:50;51:51;52:52;53:53;54:54;55:55;56:56;57:57;58:58;59:59;60:60;61:61;62:62;63:63;64:64;65:65;66:66;67:67;68:68;69:69;70:70;71:71;72:72;73:73;74:74;75:75;76:76;77:77;78:78;79:79;80:80;81:81;82:82;83:83;84:84;85:85;86:86;87:87;88:88;89:89;90:90;91:91;92:92;93:93;94:94;95:95;96:96;97:97;98:98;99:99;100:100;101:101;102:102;103:103;104:104;105:105;106:106;107:107;108:108;109:109;110:110;111:111;112:112;113:113;114:114;115:115;116:116;117:117;118:118;119:119;120:120;121:121;122:122;123:123;124:124;125:125;126:126;127:127;128:128;129:129;130:130;131:131;132:132;133:133;134:134;135:135;136:136;137:137;138:138;139:139;140:140;141:141;142:142;143:143;144:144;145:145;146:146;147:147;148:148;149:149;150:150;151:151;152:152;153:153;154:154;155:155;156:156	1	157;158;159;160;161;162;163;164;165;166;167	False	1	157.0	168.0	HLA-DPA10301-DPB10402_True
DRB3_0202_True_RRSIPVNEALAAAGL_2	HVIIQAEFYLNPDQSGEFMFDFDGDEIFHVDMAKKETVWRLEEFGRFASFEAQGALANIAVDKANLEIMTKRSN/FLELLKSECHFFNGTERVRFLERHFHNQEEYARFDSDVGEYRAVRELGRPDAEYWNSQKDLLEQKRGQVDNYCRHNYGVGESFTV/SIPVNEALAAA	datasets_alphafold_finetune/pmhc_finetune/alignments/DRB3_0202_templates.tsv	datasets_alphafold_finetune/pmhc_finetune/natives/run135_batch_0212DRB3_0202_True_RRSIPVNEALAAAGL_2_model_1_model_1.pdb	0:0;1:1;2:2;3:3;4:4;5:5;6:6;7:7;8:8;9:9;10:10;11:11;12:12;13:13;14:14;15:15;16:16;17:17;18:18;19:19;20:20;21:21;22:22;23:23;24:24;25:25;26:26;27:27;28:28;29:29;30:30;31:31;32:32;33:33;34:34;35:35;36:36;37:37;38:38;39:39;40:40;41:41;42:42;43:43;44:44;45:45;46:46;47:47;48:48;49:49;50:50;51:51;52:52;53:53;54:54;55:55;56:56;57:57;58:58;59:59;60:60;61:61;62:62;63:63;64:64;65:65;66:66;67:67;68:68;69:69;70:70;71:71;72:72;73:73;74:74;75:75;76:76;77:77;78:78;79:79;80:80;81:81;82:82;83:83;84:84;85:85;86:86;87:87;88:88;89:89;90:90;91:91;92:92;93:93;94:94;95:95;96:96;97:97;98:98;99:99;100:100;101:101;102:102;103:103;104:104;105:105;106:106;107:107;108:108;109:109;110:110;111:111;112:112;113:113;114:114;115:115;116:116;117:117;118:118;119:119;120:120;121:121;122:122;123:123;124:124;125:125;126:126;127:127;128:128;129:129;130:130;131:131;132:132;133:133;134:134;135:135;136:136;137:137;138:138;139:139;140:140;141:141;142:142;143:143;144:144;145:145;146:146;147:147;148:148;149:149;150:150;151:151;152:152;153:153;154:154;155:155;156:156;157:157;158:158	1	159;160;161;162;163;164;165;166;167;168;169	False	1	159.0	170.0	DRB3_0202
DRB1_0405_True_TDATSILGIGTVLDQAETAG_4	HVIIQAEFYLNPDQSGEFMFDFDGDEIFHVDMAKKETVWRLEEFGRFASFEAQGALANIAVDKANLEIMTKRSN/FLEQVKHECHFFNGTERVRFLDRYFYHQEEYVRFDSDVGEYRAVTELGRPSAEYWNSQKDLLEQRRAAVDTYCRHNYGVGESFTV/SILGIGTVLDQ	datasets_alphafold_finetune/pmhc_finetune/alignments/DRB1_0405_templates.tsv	datasets_alphafold_finetune/pmhc_finetune/natives/run135_batch_0994DRB1_0405_True_TDATSILGIGTVLDQAETAG_4_model_1_model_1.pdb	0:0;1:1;2:2;3:3;4:4;5:5;6:6;7:7;8:8;9:9;10:10;11:11;12:12;13:13;14:14;15:15;16:16;17:17;18:18;19:19;20:20;21:21;22:22;23:23;24:24;25:25;26:26;27:27;28:28;29:29;30:30;31:31;32:32;33:33;34:34;35:35;36:36;37:37;38:38;39:39;40:40;41:41;42:42;43:43;44:44;45:45;46:46;47:47;48:48;49:49;50:50;51:51;52:52;53:53;54:54;55:55;56:56;57:57;58:58;59:59;60:60;61:61;62:62;63:63;64:64;65:65;66:66;67:67;68:68;69:69;70:70;71:71;72:72;73:73;74:74;75:75;76:76;77:77;78:78;79:79;80:80;81:81;82:82;83:83;84:84;85:85;86:86;87:87;88:88;89:89;90:90;91:91;92:92;93:93;94:94;95:95;96:96;97:97;98:98;99:99;100:100;101:101;102:102;103:103;104:104;105:105;106:106;107:107;108:108;109:109;110:110;111:111;112:112;113:113;114:114;115:115;116:116;117:117;118:118;119:119;120:120;121:121;122:122;123:123;124:124;125:125;126:126;127:127;128:128;129:129;130:130;131:131;132:132;133:133;134:134;135:135;136:136;137:137;138:138;139:139;140:140;141:141;142:142;143:143;144:144;145:145;146:146;147:147;148:148;149:149;150:150;151:151;152:152;153:153;154:154;155:155;156:156;157:157;158:158	1	159;160;161;162;163;164;165;166;167;168;169	False	1	159.0	170.0	DRB1_0405
DRB1_0701_True_TGLWPFIRINNLKVK_4	HVIIQAEFYLNPDQSGEFMFDFDGDEIFHVDMAKKETVWRLEEFGRFASFEAQGALANIAVDKANLEIMTKRSN/FLWQGKYKCHFFNGTERVQFLERLFYNQEEFVRFDSDVGEYRAVTELGRPVAESWNSQKDILEDRRGQVDTVCRHNYGVGESFTV/PFIRINNLKVK	datasets_alphafold_finetune/pmhc_finetune/alignments/DRB1_0701_templates.tsv	datasets_alphafold_finetune/pmhc_finetune/natives/run135_batch_0142DRB1_0701_True_TGLWPFIRINNLKVK_4_model_1_model_1.pdb	0:0;1:1;2:2;3:3;4:4;5:5;6:6;7:7;8:8;9:9;10:10;11:11;12:12;13:13;14:14;15:15;16:16;17:17;18:18;19:19;20:20;21:21;22:22;23:23;24:24;25:25;26:26;27:27;28:28;29:29;30:30;31:31;32:32;33:33;34:34;35:35;36:36;37:37;38:38;39:39;40:40;41:41;42:42;43:43;44:44;45:45;46:46;47:47;48:48;49:49;50:50;51:51;52:52;53:53;54:54;55:55;56:56;57:57;58:58;59:59;60:60;61:61;62:62;63:63;64:64;65:65;66:66;67:67;68:68;69:69;70:70;71:71;72:72;73:73;74:74;75:75;76:76;77:77;78:78;79:79;80:80;81:81;82:82;83:83;84:84;85:85;86:86;87:87;88:88;89:89;90:90;91:91;92:92;93:93;94:94;95:95;96:96;97:97;98:98;99:99;100:100;101:101;102:102;103:103;104:104;105:105;106:106;107:107;108:108;109:109;110:110;111:111;112:112;113:113;114:114;115:115;116:116;117:117;118:118;119:119;120:120;121:121;122:122;123:123;124:124;125:125;126:126;127:127;128:128;129:129;130:130;131:131;132:132;133:133;134:134;135:135;136:136;137:137;138:138;139:139;140:140;141:141;142:142;143:143;144:144;145:145;146:146;147:147;148:148;149:149;150:150;151:151;152:152;153:153;154:154;155:155;156:156;157:157;158:158	1	159;160;161;162;163;164;165;166;167;168;169	False	1	159.0	170.0	DRB1_0701
HLA-DPA10201-DPB10101_True_EKKYFAMTQFEPLAA_3	HVSTYAAFVQTHRPTGEFMFEFDEDEQFYVDLDKKETVWHLEEFGRAFSFEAQGGLANIAILNNNLNTLIQRSN/YVYQGRQECYAFNGTQRFLERYIYNREEYARFDSDVGEFRAVTELGRPAAEYWNSQKDILEEKRAVPDRVCRHNYELDEAVTL/YFAMTQFEPLA	datasets_alphafold_finetune/pmhc_finetune/alignments/HLA-DPA10201-DPB10101_templates.tsv	datasets_alphafold_finetune/pmhc_finetune/natives/run135_batch_0951HLA-DPA10201-DPB10101_True_EKKYFAMTQFEPLAA_3_model_1_model_1.pdb	0:0;1:1;2:2;3:3;4:4;5:5;6:6;7:7;8:8;9:9;10:10;11:11;12:12;13:13;14:14;15:15;16:16;17:17;18:18;19:19;20:20;21:21;22:22;23:23;24:24;25:25;26:26;27:27;28:28;29:29;30:30;31:31;32:32;33:33;34:34;35:35;36:36;37:37;38:38;39:39;40:40;41:41;42:42;43:43;44:44;45:45;46:46;47:47;48:48;49:49;50:50;51:51;52:52;53:53;54:54;55:55;56:56;57:57;58:58;59:59;60:60;61:61;62:62;63:63;64:64;65:65;66:66;67:67;68:68;69:69;70:70;71:71;72:72;73:73;74:74;75:75;76:76;77:77;78:78;79:79;80:80;81:81;82:82;83:83;84:84;85:85;86:86;87:87;88:88;89:89;90:90;91:91;92:92;93:93;94:94;95:95;96:96;97:97;98:98;99:99;100:100;101:101;102:102;103:103;104:104;105:105;106:106;107:107;108:108;109:109;110:110;111:111;112:112;113:113;114:114;115:115;116:116;117:117;118:118;119:119;120:120;121:121;122:122;123:123;124:124;125:125;126:126;127:127;128:128;129:129;130:130;131:131;132:132;133:133;134:134;135:135;136:136;137:137;138:138;139:139;140:140;141:141;142:142;143:143;144:144;145:145;146:146;147:147;148:148;149:149;150:150;151:151;152:152;153:153;154:154;155:155;156:156	1	157;158;159;160;161;162;163;164;165;166;167	False	1	157.0	168.0	HLA-DPA10201-DPB10101_True
DRB1_0901_True_HFSNVFRSVMAPFTM_4	HVIIQAEFYLNPDQSGEFMFDFDGDEIFHVDMAKKETVWRLEEFGRFASFEAQGALANIAVDKANLEIMTKRSN/FLKQDKFECHFFNGTERVRYLHRGIYNQEENVRFDSDVGEYRAVTELGRPVAESWNSQKDFLERRRAEVDTVCRHNYGVGESFTV/VFRSVMAPFTM	datasets_alphafold_finetune/pmhc_finetune/alignments/DRB1_0901_templates.tsv	datasets_alphafold_finetune/pmhc_finetune/natives/run135_batch_0652DRB1_0901_True_HFSNVFRSVMAPFTM_4_model_1_model_1.pdb	0:0;1:1;2:2;3:3;4:4;5:5;6:6;7:7;8:8;9:9;10:10;11:11;12:12;13:13;14:14;15:15;16:16;17:17;18:18;19:19;20:20;21:21;22:22;23:23;24:24;25:25;26:26;27:27;28:28;29:29;30:30;31:31;32:32;33:33;34:34;35:35;36:36;37:37;38:38;39:39;40:40;41:41;42:42;43:43;44:44;45:45;46:46;47:47;48:48;49:49;50:50;51:51;52:52;53:53;54:54;55:55;56:56;57:57;58:58;59:59;60:60;61:61;62:62;63:63;64:64;65:65;66:66;67:67;68:68;69:69;70:70;71:71;72:72;73:73;74:74;75:75;76:76;77:77;78:78;79:79;80:80;81:81;82:82;83:83;84:84;85:85;86:86;87:87;88:88;89:89;90:90;91:91;92:92;93:93;94:94;95:95;96:96;97:97;98:98;99:99;100:100;101:101;102:102;103:103;104:104;105:105;106:106;107:107;108:108;109:109;110:110;111:111;112:112;113:113;114:114;115:115;116:116;117:117;118:118;119:119;120:120;121:121;122:122;123:123;124:124;125:125;126:126;127:127;128:128;129:129;130:130;131:131;132:132;133:133;134:134;135:135;136:136;137:137;138:138;139:139;140:140;141:141;142:142;143:143;144:144;145:145;146:146;147:147;148:148;149:149;150:150;151:151;152:152;153:153;154:154;155:155;156:156;157:157;158:158	1	159;160;161;162;163;164;165;166;167;168;169	False	1	159.0	170.0	DRB1_0901
DRB1_1302_True_GELQIVDKINAAFKI_1	HVIIQAEFYLNPDQSGEFMFDFDGDEIFHVDMAKKETVWRLEEFGRFASFEAQGALANIAVDKANLEIMTKRSN/FLEYSTSECHFFNGTERVRFLDRYFHNQEENVRFDSDVGEFRAVTELGRPDAEYWNSQKDILEDERAAVDTYCRHNYGVGESFTV/ELQIVDKINAA	datasets_alphafold_finetune/pmhc_finetune/alignments/DRB1_1302_templates.tsv	datasets_alphafold_finetune/pmhc_finetune/natives/run135_batch_0095DRB1_1302_True_GELQIVDKINAAFKI_1_model_1_model_1.pdb	0:0;1:1;2:2;3:3;4:4;5:5;6:6;7:7;8:8;9:9;10:10;11:11;12:12;13:13;14:14;15:15;16:16;17:17;18:18;19:19;20:20;21:21;22:22;23:23;24:24;25:25;26:26;27:27;28:28;29:29;30:30;31:31;32:32;33:33;34:34;35:35;36:36;37:37;38:38;39:39;40:40;41:41;42:42;43:43;44:44;45:45;46:46;47:47;48:48;49:49;50:50;51:51;52:52;53:53;54:54;55:55;56:56;57:57;58:58;59:59;60:60;61:61;62:62;63:63;64:64;65:65;66:66;67:67;68:68;69:69;70:70;71:71;72:72;73:73;74:74;75:75;76:76;77:77;78:78;79:79;80:80;81:81;82:82;83:83;84:84;85:85;86:86;87:87;88:88;89:89;90:90;91:91;92:92;93:93;94:94;95:95;96:96;97:97;98:98;99:99;100:100;101:101;102:102;103:103;104:104;105:105;106:106;107:107;108:108;109:109;110:110;111:111;112:112;113:113;114:114;115:115;116:116;117:117;118:118;119:119;120:120;121:121;122:122;123:123;124:124;125:125;126:126;127:127;128:128;129:129;130:130;131:131;132:132;133:133;134:134;135:135;136:136;137:137;138:138;139:139;140:140;141:141;142:142;143:143;144:144;145:145;146:146;147:147;148:148;149:149;150:150;151:151;152:152;153:153;154:154;155:155;156:156;157:157;158:158	1	159;160;161;162;163;164;165;166;167;168;169	False	1	159.0	170.0	DRB1_1302
DRB3_0301_True_RERLVLTLGAAMVEI_2	HVIIQAEFYLNPDQSGEFMFDFDGDEIFHVDMAKKETVWRLEEFGRFASFEAQGALANIAVDKANLEIMTKRSN/FLELLKSECHFFNGTERVRFLERYFHNQEEFVRFDSDVGEYRAVTELGRPVAESWNSQKDLLEQKRGQVDNYCRHNYGVVESFTV/RLVLTLGAAMV	datasets_alphafold_finetune/pmhc_finetune/alignments/DRB3_0301_templates.tsv	datasets_alphafold_finetune/pmhc_finetune/natives/run135_batch_1156DRB3_0301_True_RERLVLTLGAAMVEI_2_model_1_model_1.pdb	0:0;1:1;2:2;3:3;4:4;5:5;6:6;7:7;8:8;9:9;10:10;11:11;12:12;13:13;14:14;15:15;16:16;17:17;18:18;19:19;20:20;21:21;22:22;23:23;24:24;25:25;26:26;27:27;28:28;29:29;30:30;31:31;32:32;33:33;34:34;35:35;36:36;37:37;38:38;39:39;40:40;41:41;42:42;43:43;44:44;45:45;46:46;47:47;48:48;49:49;50:50;51:51;52:52;53:53;54:54;55:55;56:56;57:57;58:58;59:59;60:60;61:61;62:62;63:63;64:64;65:65;66:66;67:67;68:68;69:69;70:70;71:71;72:72;73:73;74:74;75:75;76:76;77:77;78:78;79:79;80:80;81:81;82:82;83:83;84:84;85:85;86:86;87:87;88:88;89:89;90:90;91:91;92:92;93:93;94:94;95:95;96:96;97:97;98:98;99:99;100:100;101:101;102:102;103:103;104:104;105:105;106:106;107:107;108:108;109:109;110:110;111:111;112:112;113:113;114:114;115:115;116:116;117:117;118:118;119:119;120:120;121:121;122:122;123:123;124:124;125:125;126:126;127:127;128:128;129:129;130:130;131:131;132:132;133:133;134:134;135:135;136:136;137:137;138:138;139:139;140:140;141:141;142:142;143:143;144:144;145:145;146:146;147:147;148:148;149:149;150:150;151:151;152:152;153:153;154:154;155:155;156:156;157:157;158:158	1	159;160;161;162;163;164;165;166;167;168;169	False	1	159.0	170.0	DRB3_0301
HLA-DPA10103-DPB10601_True_EKKYFAMTQFEPLAA_3	HVSTYAAFVQTHRPTGEFMFEFDEDEMFYVDLDKKETVWHLEEFGQAFSFEAQGGLANIAILNNNLNTLIQRSN/YVYQLRQECYAFNGTQRFLERYIYNREEFVRFDSDVGEFRAVTELGRPDEDYWNSQKDLLEEERAVPDRMCRHNYELDEAVTL/YFAMTQFEPLA	datasets_alphafold_finetune/pmhc_finetune/alignments/HLA-DPA10103-DPB10601_templates.tsv	datasets_alphafold_finetune/pmhc_finetune/natives/run135_batch_1133HLA-DPA10103-DPB10601_True_EKKYFAMTQFEPLAA_3_model_1_model_1.pdb	0:0;1:1;2:2;3:3;4:4;5:5;6:6;7:7;8:8;9:9;10:10;11:11;12:12;13:13;14:14;15:15;16:16;17:17;18:18;19:19;20:20;21:21;22:22;23:23;24:24;25:25;26:26;27:27;28:28;29:29;30:30;31:31;32:32;33:33;34:34;35:35;36:36;37:37;38:38;39:39;40:40;41:41;42:42;43:43;44:44;45:45;46:46;47:47;48:48;49:49;50:50;51:51;52:52;53:53;54:54;55:55;56:56;57:57;58:58;59:59;60:60;61:61;62:62;63:63;64:64;65:65;66:66;67:67;68:68;69:69;70:70;71:71;72:72;73:73;74:74;75:75;76:76;77:77;78:78;79:79;80:80;81:81;82:82;83:83;84:84;85:85;86:86;87:87;88:88;89:89;90:90;91:91;92:92;93:93;94:94;95:95;96:96;97:97;98:98;99:99;100:100;101:101;102:102;103:103;104:104;105:105;106:106;107:107;108:108;109:109;110:110;111:111;112:112;113:113;114:114;115:115;116:116;117:117;118:118;119:119;120:120;121:121;122:122;123:123;124:124;125:125;126:126;127:127;128:128;129:129;130:130;131:131;132:132;133:133;134:134;135:135;136:136;137:137;138:138;139:139;140:140;141:141;142:142;143:143;144:144;145:145;146:146;147:147;148:148;149:149;150:150;151:151;152:152;153:153;154:154;155:155;156:156	1	157;158;159;160;161;162;163;164;165;166;167	False	1	157.0	168.0	HLA-DPA10103-DPB10601_True
HLA-DQA10501-DQB10301_True_FDPYGATISATPESA_1	HVASYGVNLYQSYGPSGQYTHEFDGDEQFYVDLGRKETVWCLPVLRQFRFDPQFALTNIAVLKHNLNSLIKRSN/FVYQFKAMCYFTNGTERVRYVTRYIYNREEYARFDSDVEVYRAVTPLGPPDAEYWNSQKEVLERTRAELDTVCRHNYQLELRTTL/DPYGATISATP	datasets_alphafold_finetune/pmhc_finetune/alignments/HLA-DQA10501-DQB10301_templates.tsv	datasets_alphafold_finetune/pmhc_finetune/natives/run135_batch_1041HLA-DQA10501-DQB10301_True_FDPYGATISATPESA_1_model_1_model_1.pdb	0:0;1:1;2:2;3:3;4:4;5:5;6:6;7:7;8:8;9:9;10:10;11:11;12:12;13:13;14:14;15:15;16:16;17:17;18:18;19:19;20:20;21:21;22:22;23:23;24:24;25:25;26:26;27:27;28:28;29:29;30:30;31:31;32:32;33:33;34:34;35:35;36:36;37:37;38:38;39:39;40:40;41:41;42:42;43:43;44:44;45:45;46:46;47:47;48:48;49:49;50:50;51:51;52:52;53:53;54:54;55:55;56:56;57:57;58:58;59:59;60:60;61:61;62:62;63:63;64:64;65:65;66:66;67:67;68:68;69:69;70:70;71:71;72:72;73:73;74:74;75:75;76:76;77:77;78:78;79:79;80:80;81:81;82:82;83:83;84:84;85:85;86:86;87:87;88:88;89:89;90:90;91:91;92:92;93:93;94:94;95:95;96:96;97:97;98:98;99:99;100:100;101:101;102:102;103:103;104:104;105:105;106:106;107:107;108:108;109:109;110:110;111:111;112:112;113:113;114:114;115:115;116:116;117:117;118:118;119:119;120:120;121:121;122:122;123:123;124:124;125:125;126:126;127:127;128:128;129:129;130:130;131:131;132:132;133:133;134:134;135:135;136:136;137:137;138:138;139:139;140:140;141:141;142:142;143:143;144:144;145:145;146:146;147:147;148:148;149:149;150:150;151:151;152:152;153:153;154:154;155:155;156:156;157:157;158:158	1	159;160;161;162;163;164;165;166;167;168;169	False	1	159.0	170.0	HLA-DQA10501-DQB10301_True
HLA-DPA10201-DPB10101_False_RTEIDKPSQHHHHHH_4	HVSTYAAFVQTHRPTGEFMFEFDEDEQFYVDLDKKETVWHLEEFGRAFSFEAQGGLANIAILNNNLNTLIQRSN/YVYQGRQECYAFNGTQRFLERYIYNREEYARFDSDVGEFRAVTELGRPAAEYWNSQKDILEEKRAVPDRVCRHNYELDEAVTL/DKPSQHHHHHH	datasets_alphafold_finetune/pmhc_finetune/alignments/HLA-DPA10201-DPB10101_templates.tsv	datasets_alphafold_finetune/pmhc_finetune/natives/run135_batch_0975HLA-DPA10201-DPB10101_False_RTEIDKPSQHHHHHH_4_model_1_model_1.pdb	0:0;1:1;2:2;3:3;4:4;5:5;6:6;7:7;8:8;9:9;10:10;11:11;12:12;13:13;14:14;15:15;16:16;17:17;18:18;19:19;20:20;21:21;22:22;23:23;24:24;25:25;26:26;27:27;28:28;29:29;30:30;31:31;32:32;33:33;34:34;35:35;36:36;37:37;38:38;39:39;40:40;41:41;42:42;43:43;44:44;45:45;46:46;47:47;48:48;49:49;50:50;51:51;52:52;53:53;54:54;55:55;56:56;57:57;58:58;59:59;60:60;61:61;62:62;63:63;64:64;65:65;66:66;67:67;68:68;69:69;70:70;71:71;72:72;73:73;74:74;75:75;76:76;77:77;78:78;79:79;80:80;81:81;82:82;83:83;84:84;85:85;86:86;87:87;88:88;89:89;90:90;91:91;92:92;93:93;94:94;95:95;96:96;97:97;98:98;99:99;100:100;101:101;102:102;103:103;104:104;105:105;106:106;107:107;108:108;109:109;110:110;111:111;112:112;113:113;114:114;115:115;116:116;117:117;118:118;119:119;120:120;121:121;122:122;123:123;124:124;125:125;126:126;127:127;128:128;129:129;130:130;131:131;132:132;133:133;134:134;135:135;136:136;137:137;138:138;139:139;140:140;141:141;142:142;143:143;144:144;145:145;146:146;147:147;148:148;149:149;150:150;151:151;152:152;153:153;154:154;155:155;156:156	0	157;158;159;160;161;162;163;164;165;166;167	False	1	157.0	168.0	HLA-DPA10201-DPB10101_False
HLA-DPA10301-DPB10402_False_PATPAAPGAGYTPAT_4	HVSTYAMFVQTHRPTGEFMFEFDEDEMFYVDLDKKETVWHLEEFGQAFSFEAQGGLANIAISNNNLNTLIQRSN/YLFQGRQECYAFNGTQRFLERYIYNREEFVRFDSDVGEFRAVTELGRPDEEYWNSQKDILEEKRAVPDRMCRHNYELGGPMTL/AAPGAGYTPAT	datasets_alphafold_finetune/pmhc_finetune/alignments/HLA-DPA10301-DPB10402_templates.tsv	datasets_alphafold_finetune/pmhc_finetune/natives/run135_batch_0778HLA-DPA10301-DPB10402_False_PATPAAPGAGYTPAT_4_model_1_model_1.pdb	0:0;1:1;2:2;3:3;4:4;5:5;6:6;7:7;8:8;9:9;10:10;11:11;12:12;13:13;14:14;15:15;16:16;17:17;18:18;19:19;20:20;21:21;22:22;23:23;24:24;25:25;26:26;27:27;28:28;29:29;30:30;31:31;32:32;33:33;34:34;35:35;36:36;37:37;38:38;39:39;40:40;41:41;42:42;43:43;44:44;45:45;46:46;47:47;48:48;49:49;50:50;51:51;52:52;53:53;54:54;55:55;56:56;57:57;58:58;59:59;60:60;61:61;62:62;63:63;64:64;65:65;66:66;67:67;68:68;69:69;70:70;71:71;72:72;73:73;74:74;75:75;76:76;77:77;78:78;79:79;80:80;81:81;82:82;83:83;84:84;85:85;86:86;87:87;88:88;89:89;90:90;91:91;92:92;93:93;94:94;95:95;96:96;97:97;98:98;99:99;100:100;101:101;102:102;103:103;104:104;105:105;106:106;107:107;108:108;109:109;110:110;111:111;112:112;113:113;114:114;115:115;116:116;117:117;118:118;119:119;120:120;121:121;122:122;123:123;124:124;125:125;126:126;127:127;128:128;129:129;130:130;131:131;132:132;133:133;134:134;135:135;136:136;137:137;138:138;139:139;140:140;141:141;142:142;143:143;144:144;145:145;146:146;147:147;148:148;149:149;150:150;151:151;152:152;153:153;154:154;155:155;156:156	0	157;158;159;160;161;162;163;164;165;166;167	False	1	157.0	168.0	HLA-DPA10301-DPB10402_False
HLA-DPA10103-DPB10401_False_SNNGIKQQGIRYANP_3	HVSTYAAFVQTHRPTGEFMFEFDEDEMFYVDLDKKETVWHLEEFGQAFSFEAQGGLANIAILNNNLNTLIQRSN/YLFQGRQECYAFNGTQRFLERYIYNREEFARFDSDVGEFRAVTELGRPAAEYWNSQKDILEEKRAVPDRMCRHNYELGGPMTL/GIKQQGIRYAN	datasets_alphafold_finetune/pmhc_finetune/alignments/HLA-DPA10103-DPB10401_templates.tsv	datasets_alphafold_finetune/pmhc_finetune/natives/run135_batch_0866HLA-DPA10103-DPB10401_False_SNNGIKQQGIRYANP_3_model_1_model_1.pdb	0:0;1:1;2:2;3:3;4:4;5:5;6:6;7:7;8:8;9:9;10:10;11:11;12:12;13:13;14:14;15:15;16:16;17:17;18:18;19:19;20:20;21:21;22:22;23:23;24:24;25:25;26:26;27:27;28:28;29:29;30:30;31:31;32:32;33:33;34:34;35:35;36:36;37:37;38:38;39:39;40:40;41:41;42:42;43:43;44:44;45:45;46:46;47:47;48:48;49:49;50:50;51:51;52:52;53:53;54:54;55:55;56:56;57:57;58:58;59:59;60:60;61:61;62:62;63:63;64:64;65:65;66:66;67:67;68:68;69:69;70:70;71:71;72:72;73:73;74:74;75:75;76:76;77:77;78:78;79:79;80:80;81:81;82:82;83:83;84:84;85:85;86:86;87:87;88:88;89:89;90:90;91:91;92:92;93:93;94:94;95:95;96:96;97:97;98:98;99:99;100:100;101:101;102:102;103:103;104:104;105:105;106:106;107:107;108:108;109:109;110:110;111:111;112:112;113:113;114:114;115:115;116:116;117:117;118:118;119:119;120:120;121:121;122:122;123:123;124:124;125:125;126:126;127:127;128:128;129:129;130:130;131:131;132:132;133:133;134:134;135:135;136:136;137:137;138:138;139:139;140:140;141:141;142:142;143:143;144:144;145:145;146:146;147:147;148:148;149:149;150:150;151:151;152:152;153:153;154:154;155:155;156:156	0	157;158;159;160;161;162;163;164;165;166;167	False	1	157.0	168.0	HLA-DPA10103-DPB10401_False
HLA-DPA10103-DPB10601_False_AAATAGTNVYGAFAA_3	HVSTYAAFVQTHRPTGEFMFEFDEDEMFYVDLDKKETVWHLEEFGQAFSFEAQGGLANIAILNNNLNTLIQRSN/YVYQLRQECYAFNGTQRFLERYIYNREEFVRFDSDVGEFRAVTELGRPDEDYWNSQKDLLEEERAVPDRMCRHNYELDEAVTL/TAGTNVYGAFA	datasets_alphafold_finetune/pmhc_finetune/alignments/HLA-DPA10103-DPB10601_templates.tsv	datasets_alphafold_finetune/pmhc_finetune/natives/run135_batch_1142HLA-DPA10103-DPB10601_False_AAATAGTNVYGAFAA_3_model_1_model_1.pdb	0:0;1:1;2:2;3:3;4:4;5:5;6:6;7:7;8:8;9:9;10:10;11:11;12:12;13:13;14:14;15:15;16:16;17:17;18:18;19:19;20:20;21:21;22:22;23:23;24:24;25:25;26:26;27:27;28:28;29:29;30:30;31:31;32:32;33:33;34:34;35:35;36:36;37:37;38:38;39:39;40:40;41:41;42:42;43:43;44:44;45:45;46:46;47:47;48:48;49:49;50:50;51:51;52:52;53:53;54:54;55:55;56:56;57:57;58:58;59:59;60:60;61:61;62:62;63:63;64:64;65:65;66:66;67:67;68:68;69:69;70:70;71:71;72:72;73:73;74:74;75:75;76:76;77:77;78:78;79:79;80:80;81:81;82:82;83:83;84:84;85:85;86:86;87:87;88:88;89:89;90:90;91:91;92:92;93:93;94:94;95:95;96:96;97:97;98:98;99:99;100:100;101:101;102:102;103:103;104:104;105:105;106:106;107:107;108:108;109:109;110:110;111:111;112:112;113:113;114:114;115:115;116:116;117:117;118:118;119:119;120:120;121:121;122:122;123:123;124:124;125:125;126:126;127:127;128:128;129:129;130:130;131:131;132:132;133:133;134:134;135:135;136:136;137:137;138:138;139:139;140:140;141:141;142:142;143:143;144:144;145:145;146:146;147:147;148:148;149:149;150:150;151:151;152:152;153:153;154:154;155:155;156:156	0	157;158;159;160;161;162;163;164;165;166;167	False	1	157.0	168.0	HLA-DPA10103-DPB10601_False
HLA-DQA10501-DQB10301_False_TKQQVFIQSEDPPVL_0	HVASYGVNLYQSYGPSGQYTHEFDGDEQFYVDLGRKETVWCLPVLRQFRFDPQFALTNIAVLKHNLNSLIKRSN/FVYQFKAMCYFTNGTERVRYVTRYIYNREEYARFDSDVEVYRAVTPLGPPDAEYWNSQKEVLERTRAELDTVCRHNYQLELRTTL/TKQQVFIQSED	datasets_alphafold_finetune/pmhc_finetune/alignments/HLA-DQA10501-DQB10301_templates.tsv	datasets_alphafold_finetune/pmhc_finetune/natives/run135_batch_1065HLA-DQA10501-DQB10301_False_TKQQVFIQSEDPPVL_0_model_1_model_1.pdb	0:0;1:1;2:2;3:3;4:4;5:5;6:6;7:7;8:8;9:9;10:10;11:11;12:12;13:13;14:14;15:15;16:16;17:17;18:18;19:19;20:20;21:21;22:22;23:23;24:24;25:25;26:26;27:27;28:28;29:29;30:30;31:31;32:32;33:33;34:34;35:35;36:36;37:37;38:38;39:39;40:40;41:41;42:42;43:43;44:44;45:45;46:46;47:47;48:48;49:49;50:50;51:51;52:52;53:53;54:54;55:55;56:56;57:57;58:58;59:59;60:60;61:61;62:62;63:63;64:64;65:65;66:66;67:67;68:68;69:69;70:70;71:71;72:72;73:73;74:74;75:75;76:76;77:77;78:78;79:79;80:80;81:81;82:82;83:83;84:84;85:85;86:86;87:87;88:88;89:89;90:90;91:91;92:92;93:93;94:94;95:95;96:96;97:97;98:98;99:99;100:100;101:101;102:102;103:103;104:104;105:105;106:106;107:107;108:108;109:109;110:110;111:111;112:112;113:113;114:114;115:115;116:116;117:117;118:118;119:119;120:120;121:121;122:122;123:123;124:124;125:125;126:126;127:127;128:128;129:129;130:130;131:131;132:132;133:133;134:134;135:135;136:136;137:137;138:138;139:139;140:140;141:141;142:142;143:143;144:144;145:145;146:146;147:147;148:148;149:149;150:150;151:151;152:152;153:153;154:154;155:155;156:156;157:157;158:158	0	159;160;161;162;163;164;165;166;167;168;169	False	1	159.0	170.0	HLA-DQA10501-DQB10301_False
