SLA06177|SLA-2*15:01|364|SLA06177|SLA-2*15:01|364|bp	SLA06177|SLA-2*15:01|364|SLA06177|SLA-2*15:01|364|bp
SLA06221|SLA-2*16:01|364|SLA06221|SLA-2*16:01|364|bp	SLA06221|SLA-2*16:01|364|SLA06221|SLA-2*16:01|364|bp
SLA09787|SLA-2*16:03:02|364|SLA09787|SLA-2*16:03:02|364|bp	SLA09787|SLA-2*16:03:02|364|SLA09787|SLA-2*16:03:02|364|bp
SLA09787|SLA-2*16:03:02|364|SLA09787|SLA-2*16:03:02|364|bp	SLA06178|SLA-2*16:02|364|SLA06178|SLA-2*16:02|364|bp
SLA09787|SLA-2*16:03:02|364|SLA09787|SLA-2*16:03:02|364|bp	SLA08502|SLA-2*16:03:01|364|SLA08502|SLA-2*16:03:01|364|bp
SLA06175|SLA-2*17:01|174|SLA06175|SLA-2*17:01|174|bp	SLA06175|SLA-2*17:01|174|SLA06175|SLA-2*17:01|174|bp
SLA09786|SLA-2*17:02|364|SLA09786|SLA-2*17:02|364|bp	SLA09786|SLA-2*17:02|364|SLA09786|SLA-2*17:02|364|bp
SLA08503|SLA-2*18:01|181|SLA08503|SLA-2*18:01|181|bp	SLA08503|SLA-2*18:01|181|SLA08503|SLA-2*18:01|181|bp
SLA08504|SLA-2*18:02|181|SLA08504|SLA-2*18:02|181|bp	SLA08504|SLA-2*18:02|181|SLA08504|SLA-2*18:02|181|bp
SLA08505|SLA-2*18:03|181|SLA08505|SLA-2*18:03|181|bp	SLA08505|SLA-2*18:03|181|SLA08505|SLA-2*18:03|181|bp
SLA09753|SLA-2*19:01|364|SLA09753|SLA-2*19:01|364|bp	SLA09753|SLA-2*19:01|364|SLA09753|SLA-2*19:01|364|bp
SLA09752|SLA-2*20:01|181|SLA09752|SLA-2*20:01|181|bp	SLA09752|SLA-2*20:01|181|SLA09752|SLA-2*20:01|181|bp
SLA09773|SLA-2*21:01|206|SLA09773|SLA-2*21:01|206|bp	SLA09773|SLA-2*21:01|206|SLA09773|SLA-2*21:01|206|bp
SLA09773|SLA-2*21:01|206|SLA09773|SLA-2*21:01|206|bp	SLA08463|SLA-1*22:01|201|SLA08463|SLA-1*22:01|201|bp
SLA09801|SLA-2*22:01|364|SLA09801|SLA-2*22:01|364|bp	SLA09801|SLA-2*22:01|364|SLA09801|SLA-2*22:01|364|bp
SLA06188|SLA-3*01:03|218|SLA06188|SLA-3*01:03|218|bp	SLA06188|SLA-3*01:03|218|SLA06188|SLA-3*01:03|218|bp
SLA06188|SLA-3*01:03|218|SLA06188|SLA-3*01:03|218|bp	SLA06189|SLA-3*01:02|218|SLA06189|SLA-3*01:02|218|bp
SLA06188|SLA-3*01:03|218|SLA06188|SLA-3*01:03|218|bp	SLA06210|SLA-3*07:03|221|SLA06210|SLA-3*07:03|221|bp
SLA06187|SLA-3*01:04|294|SLA06187|SLA-3*01:04|294|bp	SLA06187|SLA-3*01:04|294|SLA06187|SLA-3*01:04|294|bp
SLA06187|SLA-3*01:04|294|SLA06187|SLA-3*01:04|294|bp	SLA06186|SLA-3*01:01|361|SLA06186|SLA-3*01:01|361|bp
SLA06191|SLA-3*03:02|361|SLA06191|SLA-3*03:02|361|bp	SLA06191|SLA-3*03:02|361|SLA06191|SLA-3*03:02|361|bp
SLA06191|SLA-3*03:02|361|SLA06191|SLA-3*03:02|361|bp	SLA06194|SLA-3*03:05|185|SLA06194|SLA-3*03:05|185|bp
SLA06191|SLA-3*03:02|361|SLA06191|SLA-3*03:02|361|bp	SLA09789|SLA-3*03:14|361|SLA09789|SLA-3*03:14|361|bp
SLA06193|SLA-3*03:04|361|SLA06193|SLA-3*03:04|361|bp	SLA06193|SLA-3*03:04|361|SLA06193|SLA-3*03:04|361|bp
SLA06193|SLA-3*03:04|361|SLA06193|SLA-3*03:04|361|bp	SLA06190|SLA-3*03:01|360|SLA06190|SLA-3*03:01|360|bp
SLA06193|SLA-3*03:04|361|SLA06193|SLA-3*03:04|361|bp	SLA08506|SLA-3*03:07|361|SLA08506|SLA-3*03:07|361|bp
SLA06193|SLA-3*03:04|361|SLA06193|SLA-3*03:04|361|bp	SLA06192|SLA-3*03:03|361|SLA06192|SLA-3*03:03|361|bp
SLA06195|SLA-3*03:08|165|SLA06195|SLA-3*03:08|165|bp	SLA06195|SLA-3*03:08|165|SLA06195|SLA-3*03:08|165|bp
SLA06195|SLA-3*03:08|165|SLA06195|SLA-3*03:08|165|bp	SLA06196|SLA-3*03:09|177|SLA06196|SLA-3*03:09|177|bp
SLA08507|SLA-3*03:10|360|SLA08507|SLA-3*03:10|360|bp	SLA08507|SLA-3*03:10|360|SLA08507|SLA-3*03:10|360|bp
SLA09755|SLA-3*03:12|181|SLA09755|SLA-3*03:12|181|bp	SLA09755|SLA-3*03:12|181|SLA09755|SLA-3*03:12|181|bp
SLA09771|SLA-3*03:13|361|SLA09771|SLA-3*03:13|361|bp	SLA09771|SLA-3*03:13|361|SLA09771|SLA-3*03:13|361|bp
SLA09771|SLA-3*03:13|361|SLA09771|SLA-3*03:13|361|bp	SLA06197|SLA-3*03:06|361|SLA06197|SLA-3*03:06|361|bp
SLA09771|SLA-3*03:13|361|SLA09771|SLA-3*03:13|361|bp	SLA09756|SLA-3*03:11|181|SLA09756|SLA-3*03:11|181|bp
SLA06198|SLA-3*04:01:01|361|SLA06198|SLA-3*04:01:01|361|bp	SLA06198|SLA-3*04:01:01|361|SLA06198|SLA-3*04:01:01|361|bp
SLA06198|SLA-3*04:01:01|361|SLA06198|SLA-3*04:01:01|361|bp	SLA09798|SLA-3*04:01:02|361|SLA09798|SLA-3*04:01:02|361|bp
SLA06198|SLA-3*04:01:01|361|SLA06198|SLA-3*04:01:01|361|bp	SLA08509|SLA-3*04:05|361|SLA08509|SLA-3*04:05|361|bp
SLA06198|SLA-3*04:01:01|361|SLA06198|SLA-3*04:01:01|361|bp	SLA08510|SLA-3*04:06|361|SLA08510|SLA-3*04:06|361|bp
SLA06199|SLA-3*04:02|360|SLA06199|SLA-3*04:02|360|bp	SLA06199|SLA-3*04:02|360|SLA06199|SLA-3*04:02|360|bp
SLA06199|SLA-3*04:02|360|SLA06199|SLA-3*04:02|360|bp	SLA06200|SLA-3*04:03|364|SLA06200|SLA-3*04:03|364|bp
SLA06199|SLA-3*04:02|360|SLA06199|SLA-3*04:02|360|bp	SLA08511|SLA-3*04:07|180|SLA08511|SLA-3*04:07|180|bp
SLA09738|SLA-3*04:08|361|SLA09738|SLA-3*04:08|361|bp	SLA09738|SLA-3*04:08|361|SLA09738|SLA-3*04:08|361|bp
SLA09738|SLA-3*04:08|361|SLA09738|SLA-3*04:08|361|bp	SLA08508|SLA-3*04:04|361|SLA08508|SLA-3*04:04|361|bp
SLA06201|SLA-3*05:01|362|SLA06201|SLA-3*05:01|362|bp	SLA06201|SLA-3*05:01|362|SLA06201|SLA-3*05:01|362|bp
SLA06201|SLA-3*05:01|362|SLA06201|SLA-3*05:01|362|bp	SLA06202|SLA-3*05:02|361|SLA06202|SLA-3*05:02|361|bp
SLA06201|SLA-3*05:01|362|SLA06201|SLA-3*05:01|362|bp	SLA06203|SLA-3*05:03:01|361|SLA06203|SLA-3*05:03:01|361|bp
SLA06201|SLA-3*05:01|362|SLA06201|SLA-3*05:01|362|bp	SLA09722|SLA-3*05:03:02|361|SLA09722|SLA-3*05:03:02|361|bp
SLA06201|SLA-3*05:01|362|SLA06201|SLA-3*05:01|362|bp	SLA08513|SLA-3*05:04|361|SLA08513|SLA-3*05:04|361|bp
SLA06201|SLA-3*05:01|362|SLA06201|SLA-3*05:01|362|bp	SLA06204|SLA-3*05:05|361|SLA06204|SLA-3*05:05|361|bp
SLA06201|SLA-3*05:01|362|SLA06201|SLA-3*05:01|362|bp	SLA08514|SLA-3*05:06|201|SLA08514|SLA-3*05:06|201|bp
SLA06201|SLA-3*05:01|362|SLA06201|SLA-3*05:01|362|bp	SLA09740|SLA-3*05:07|361|SLA09740|SLA-3*05:07|361|bp
SLA06201|SLA-3*05:01|362|SLA06201|SLA-3*05:01|362|bp	SLA09739|SLA-3*05:08|361|SLA09739|SLA-3*05:08|361|bp
SLA06205|SLA-3*06:01|361|SLA06205|SLA-3*06:01|361|bp	SLA06205|SLA-3*06:01|361|SLA06205|SLA-3*06:01|361|bp
SLA06205|SLA-3*06:01|361|SLA06205|SLA-3*06:01|361|bp	SLA09750|SLA-3*06:03|361|SLA09750|SLA-3*06:03|361|bp
SLA06205|SLA-3*06:01|361|SLA06205|SLA-3*06:01|361|bp	SLA06207|SLA-3*07:01:01|364|SLA06207|SLA-3*07:01:01|364|bp
SLA06205|SLA-3*06:01|361|SLA06205|SLA-3*06:01|361|bp	SLA06208|SLA-3*07:01:02|364|SLA06208|SLA-3*07:01:02|364|bp
SLA06205|SLA-3*06:01|361|SLA06205|SLA-3*06:01|361|bp	SLA06209|SLA-3*07:02|364|SLA06209|SLA-3*07:02|364|bp
SLA06205|SLA-3*06:01|361|SLA06205|SLA-3*06:01|361|bp	SLA06206|SLA-3*06:02|361|SLA06206|SLA-3*06:02|361|bp
SLA06205|SLA-3*06:01|361|SLA06205|SLA-3*06:01|361|bp	SLA09772|SLA-3*06:04|181|SLA09772|SLA-3*06:04|181|bp
SLA06211|SLA-3*08:01|361|SLA06211|SLA-3*08:01|361|bp	SLA06211|SLA-3*08:01|361|SLA06211|SLA-3*08:01|361|bp
SLA09800|SLA-3*08:02|361|SLA09800|SLA-3*08:02|361|bp	SLA09800|SLA-3*08:02|361|SLA09800|SLA-3*08:02|361|bp
SLA09724|SLA-5*01:01:02|361|SLA09724|SLA-5*01:01:02|361|bp	SLA09724|SLA-5*01:01:02|361|SLA09724|SLA-5*01:01:02|361|bp
SLA09724|SLA-5*01:01:02|361|SLA09724|SLA-5*01:01:02|361|bp	SLA08515|SLA-5*01:01:01|361|SLA08515|SLA-5*01:01:01|361|bp
SLA08516|SLA-5*02:01|293|SLA08516|SLA-5*02:01|293|bp	SLA08516|SLA-5*02:01|293|SLA08516|SLA-5*02:01|293|bp
SLA06212|SLA-6*01:01|361|SLA06212|SLA-6*01:01|361|bp	SLA06212|SLA-6*01:01|361|SLA06212|SLA-6*01:01|361|bp
SLA06212|SLA-6*01:01|361|SLA06212|SLA-6*01:01|361|bp	SLA06213|SLA-6*02:01|369|SLA06213|SLA-6*02:01|369|bp
SLA06212|SLA-6*01:01|361|SLA06212|SLA-6*01:01|361|bp	SLA06214|SLA-6*03:01|369|SLA06214|SLA-6*03:01|369|bp
SLA06212|SLA-6*01:01|361|SLA06212|SLA-6*01:01|361|bp	SLA06215|SLA-6*04:01|369|SLA06215|SLA-6*04:01|369|bp
SLA06212|SLA-6*01:01|361|SLA06212|SLA-6*01:01|361|bp	SLA06216|SLA-6*05:01|369|SLA06216|SLA-6*05:01|369|bp
SLA06212|SLA-6*01:01|361|SLA06212|SLA-6*01:01|361|bp	SLA06217|SLA-6*06:01|369|SLA06217|SLA-6*06:01|369|bp
SLA06212|SLA-6*01:01|361|SLA06212|SLA-6*01:01|361|bp	SLA06218|SLA-6*07:01|369|SLA06218|SLA-6*07:01|369|bp
SLA06212|SLA-6*01:01|361|SLA06212|SLA-6*01:01|361|bp	SLA06219|SLA-6*08:01|369|SLA06219|SLA-6*08:01|369|bp
SLA06212|SLA-6*01:01|361|SLA06212|SLA-6*01:01|361|bp	SLA06220|SLA-6*09:01|369|SLA06220|SLA-6*09:01|369|bp
SLA06212|SLA-6*01:01|361|SLA06212|SLA-6*01:01|361|bp	SLA09736|SLA-6*10:01|369|SLA09736|SLA-6*10:01|369|bp
SLA08519|SLA-7*03:01|203|SLA08519|SLA-7*03:01|203|bp	SLA08519|SLA-7*03:01|203|SLA08519|SLA-7*03:01|203|bp
SLA08519|SLA-7*03:01|203|SLA08519|SLA-7*03:01|203|bp	SLA08517|SLA-7*01:01|353|SLA08517|SLA-7*01:01|353|bp
SLA08519|SLA-7*03:01|203|SLA08519|SLA-7*03:01|203|bp	SLA08518|SLA-7*02:01|401|SLA08518|SLA-7*02:01|401|bp
SLA08520|SLA-8*01:01|364|SLA08520|SLA-8*01:01|364|bp	SLA08520|SLA-8*01:01|364|SLA08520|SLA-8*01:01|364|bp
SLA08520|SLA-8*01:01|364|SLA08520|SLA-8*01:01|364|bp	SLA08521|SLA-8*02:01|337|SLA08521|SLA-8*02:01|337|bp
SLA08520|SLA-8*01:01|364|SLA08520|SLA-8*01:01|364|bp	SLA08983|SLA-8*03:01|353|SLA08983|SLA-8*03:01|353|bp
SLA08520|SLA-8*01:01|364|SLA08520|SLA-8*01:01|364|bp	SLA08522|SLA-8*04:01|337|SLA08522|SLA-8*04:01|337|bp
SLA08520|SLA-8*01:01|364|SLA08520|SLA-8*01:01|364|bp	SLA08523|SLA-8*05:01|336|SLA08523|SLA-8*05:01|336|bp
SLA09730|SLA-MIC2*01:01|384|SLA09730|SLA-MIC2*01:01|384|bp	SLA09730|SLA-MIC2*01:01|384|SLA09730|SLA-MIC2*01:01|384|bp
SLA09760|SLA-TAP1*01:01|746|SLA09760|SLA-TAP1*01:01|746|bp	SLA09760|SLA-TAP1*01:01|746|SLA09760|SLA-TAP1*01:01|746|bp
SLA09761|SLA-TAP2*01:01|726|SLA09761|SLA-TAP2*01:01|726|bp	SLA09761|SLA-TAP2*01:01|726|SLA09761|SLA-TAP2*01:01|726|bp
SLA09784|SLA-1*25:01|361|SLA09784|SLA-1*25:01|361|bp	SLA09784|SLA-1*25:01|361|SLA09784|SLA-1*25:01|361|bp
SLA09768|SLA-11*02:01|369|SLA09768|SLA-11*02:01|369|bp	SLA09768|SLA-11*02:01|369|SLA09768|SLA-11*02:01|369|bp
SLA09768|SLA-11*02:01|369|SLA09768|SLA-11*02:01|369|bp	SLA09757|SLA-11*01:01|369|SLA09757|SLA-11*01:01|369|bp
SLA09721|SLA-12*01:01|332|SLA09721|SLA-12*01:01|332|bp	SLA09721|SLA-12*01:01|332|SLA09721|SLA-12*01:01|332|bp
SLA09721|SLA-12*01:01|332|SLA09721|SLA-12*01:01|332|bp	SLA08524|SLA-12*02:01|347|SLA08524|SLA-12*02:01|347|bp
SLA09721|SLA-12*01:01|332|SLA09721|SLA-12*01:01|332|bp	SLA09720|SLA-12*03:01|346|SLA09720|SLA-12*03:01|346|bp
SLA09721|SLA-12*01:01|332|SLA09721|SLA-12*01:01|332|bp	SLA08525|SLA-12*04:01|332|SLA08525|SLA-12*04:01|332|bp
SLA09721|SLA-12*01:01|332|SLA09721|SLA-12*01:01|332|bp	SLA08526|SLA-12*05:01|331|SLA08526|SLA-12*05:01|331|bp
SLA09721|SLA-12*01:01|332|SLA09721|SLA-12*01:01|332|bp	SLA08527|SLA-12*06:01|332|SLA08527|SLA-12*06:01|332|bp
SLA09745|SLA-2*01:03|364|SLA09745|SLA-2*01:03|364|bp	SLA09745|SLA-2*01:03|364|SLA09745|SLA-2*01:03|364|bp
SLA09745|SLA-2*01:03|364|SLA09745|SLA-2*01:03|364|bp	SLA08465|SLA-2*01:02|364|SLA08465|SLA-2*01:02|364|bp
SLA09745|SLA-2*01:03|364|SLA09745|SLA-2*01:03|364|bp	SLA08464|SLA-2*01:01|364|SLA08464|SLA-2*01:01|364|bp
SLA08466|SLA-2*02:01|364|SLA08466|SLA-2*02:01|364|bp	SLA08466|SLA-2*02:01|364|SLA08466|SLA-2*02:01|364|bp
SLA08466|SLA-2*02:01|364|SLA08466|SLA-2*02:01|364|bp	SLA06144|SLA-2*02:02|364|SLA06144|SLA-2*02:02|364|bp
SLA08466|SLA-2*02:01|364|SLA08466|SLA-2*02:01|364|bp	SLA08467|SLA-2*02:03|181|SLA08467|SLA-2*02:03|181|bp
SLA08468|SLA-2*02:04|181|SLA08468|SLA-2*02:04|181|bp	SLA08468|SLA-2*02:04|181|SLA08468|SLA-2*02:04|181|bp
SLA08469|SLA-2*02:05|181|SLA08469|SLA-2*02:05|181|bp	SLA08469|SLA-2*02:05|181|SLA08469|SLA-2*02:05|181|bp
SLA06145|SLA-2*03:01|364|SLA06145|SLA-2*03:01|364|bp	SLA06145|SLA-2*03:01|364|SLA06145|SLA-2*03:01|364|bp
SLA06146|SLA-2*03:02|362|SLA06146|SLA-2*03:02|362|bp	SLA06146|SLA-2*03:02|362|SLA06146|SLA-2*03:02|362|bp
SLA06147|SLA-2*03:03|364|SLA06147|SLA-2*03:03|364|bp	SLA06147|SLA-2*03:03|364|SLA06147|SLA-2*03:03|364|bp
SLA06149|SLA-2*04:02:01|364|SLA06149|SLA-2*04:02:01|364|bp	SLA06149|SLA-2*04:02:01|364|SLA06149|SLA-2*04:02:01|364|bp
SLA06149|SLA-2*04:02:01|364|SLA06149|SLA-2*04:02:01|364|bp	SLA06148|SLA-2*04:01|364|SLA06148|SLA-2*04:01|364|bp
SLA06149|SLA-2*04:02:01|364|SLA06149|SLA-2*04:02:01|364|bp	SLA06150|SLA-2*04:02:02|364|SLA06150|SLA-2*04:02:02|364|bp
SLA06149|SLA-2*04:02:01|364|SLA06149|SLA-2*04:02:01|364|bp	SLA08472|SLA-2*04:05|364|SLA08472|SLA-2*04:05|364|bp
SLA06149|SLA-2*04:02:01|364|SLA06149|SLA-2*04:02:01|364|bp	SLA08473|SLA-2*04:06|181|SLA08473|SLA-2*04:06|181|bp
SLA06149|SLA-2*04:02:01|364|SLA06149|SLA-2*04:02:01|364|bp	SLA08476|SLA-2*04:09|364|SLA08476|SLA-2*04:09|364|bp
SLA08471|SLA-2*04:04|364|SLA08471|SLA-2*04:04|364|bp	SLA08471|SLA-2*04:04|364|SLA08471|SLA-2*04:04|364|bp
SLA08471|SLA-2*04:04|364|SLA08471|SLA-2*04:04|364|bp	SLA08470|SLA-2*04:03|364|SLA08470|SLA-2*04:03|364|bp
SLA08475|SLA-2*04:08|181|SLA08475|SLA-2*04:08|181|bp	SLA08475|SLA-2*04:08|181|SLA08475|SLA-2*04:08|181|bp
SLA08475|SLA-2*04:08|181|SLA08475|SLA-2*04:08|181|bp	SLA08474|SLA-2*04:07|181|SLA08474|SLA-2*04:07|181|bp
SLA06154|SLA-2*05:03|364|SLA06154|SLA-2*05:03|364|bp	SLA06154|SLA-2*05:03|364|SLA06154|SLA-2*05:03|364|bp
SLA06154|SLA-2*05:03|364|SLA06154|SLA-2*05:03|364|bp	SLA06151|SLA-2*05:01|361|SLA06151|SLA-2*05:01|361|bp
SLA06154|SLA-2*05:03|364|SLA06154|SLA-2*05:03|364|bp	SLA06152|SLA-2*05:02|364|SLA06152|SLA-2*05:02|364|bp
SLA06154|SLA-2*05:03|364|SLA06154|SLA-2*05:03|364|bp	SLA06156|SLA-2*05:04|364|SLA06156|SLA-2*05:04|364|bp
SLA06154|SLA-2*05:03|364|SLA06154|SLA-2*05:03|364|bp	SLA09758|SLA-2*05:09|364|SLA09758|SLA-2*05:09|364|bp
SLA06153|SLA-2*05:05|218|SLA06153|SLA-2*05:05|218|bp	SLA06153|SLA-2*05:05|218|SLA06153|SLA-2*05:05|218|bp
SLA06155|SLA-2*05:06|218|SLA06155|SLA-2*05:06|218|bp	SLA06155|SLA-2*05:06|218|SLA06155|SLA-2*05:06|218|bp
SLA09748|SLA-2*05:08|364|SLA09748|SLA-2*05:08|364|bp	SLA09748|SLA-2*05:08|364|SLA09748|SLA-2*05:08|364|bp
SLA09748|SLA-2*05:08|364|SLA09748|SLA-2*05:08|364|bp	SLA08477|SLA-2*05:07|364|SLA08477|SLA-2*05:07|364|bp
SLA06157|SLA-2*06:01|364|SLA06157|SLA-2*06:01|364|bp	SLA06157|SLA-2*06:01|364|SLA06157|SLA-2*06:01|364|bp
SLA06157|SLA-2*06:01|364|SLA06157|SLA-2*06:01|364|bp	SLA08481|SLA-2*06:07|364|SLA08481|SLA-2*06:07|364|bp
SLA06157|SLA-2*06:01|364|SLA06157|SLA-2*06:01|364|bp	SLA09749|SLA-2*06:16|364|SLA09749|SLA-2*06:16|364|bp
SLA06160|SLA-2*06:02:01|364|SLA06160|SLA-2*06:02:01|364|bp	SLA06160|SLA-2*06:02:01|364|SLA06160|SLA-2*06:02:01|364|bp
SLA06160|SLA-2*06:02:01|364|SLA06160|SLA-2*06:02:01|364|bp	SLA08478|SLA-2*06:02:02|364|SLA08478|SLA-2*06:02:02|364|bp
SLA06160|SLA-2*06:02:01|364|SLA06160|SLA-2*06:02:01|364|bp	SLA08483|SLA-2*06:10|181|SLA08483|SLA-2*06:10|181|bp
SLA06158|SLA-2*06:03|182|SLA06158|SLA-2*06:03|182|bp	SLA06158|SLA-2*06:03|182|SLA06158|SLA-2*06:03|182|bp
SLA08479|SLA-2*06:04|364|SLA08479|SLA-2*06:04|364|bp	SLA08479|SLA-2*06:04|364|SLA08479|SLA-2*06:04|364|bp
SLA08480|SLA-2*06:05|364|SLA08480|SLA-2*06:05|364|bp	SLA08480|SLA-2*06:05|364|SLA08480|SLA-2*06:05|364|bp
SLA06159|SLA-2*06:06|364|SLA06159|SLA-2*06:06|364|bp	SLA06159|SLA-2*06:06|364|SLA06159|SLA-2*06:06|364|bp
SLA06161|SLA-2*06:08|352|SLA06161|SLA-2*06:08|352|bp	SLA06161|SLA-2*06:08|352|SLA06161|SLA-2*06:08|352|bp
SLA08482|SLA-2*06:09|364|SLA08482|SLA-2*06:09|364|bp	SLA08482|SLA-2*06:09|364|SLA08482|SLA-2*06:09|364|bp
SLA08486|SLA-2*06:13|181|SLA08486|SLA-2*06:13|181|bp	SLA08486|SLA-2*06:13|181|SLA08486|SLA-2*06:13|181|bp
SLA08486|SLA-2*06:13|181|SLA08486|SLA-2*06:13|181|bp	SLA08484|SLA-2*06:11|181|SLA08484|SLA-2*06:11|181|bp
SLA08486|SLA-2*06:13|181|SLA08486|SLA-2*06:13|181|bp	SLA08485|SLA-2*06:12|181|SLA08485|SLA-2*06:12|181|bp
SLA08487|SLA-2*06:14|200|SLA08487|SLA-2*06:14|200|bp	SLA08487|SLA-2*06:14|200|SLA08487|SLA-2*06:14|200|bp
SLA08488|SLA-2*06:15|200|SLA08488|SLA-2*06:15|200|bp	SLA08488|SLA-2*06:15|200|SLA08488|SLA-2*06:15|200|bp
SLA06162|SLA-2*07:01|364|SLA06162|SLA-2*07:01|364|bp	SLA06162|SLA-2*07:01|364|SLA06162|SLA-2*07:01|364|bp
SLA06162|SLA-2*07:01|364|SLA06162|SLA-2*07:01|364|bp	SLA06164|SLA-2*07:03|364|SLA06164|SLA-2*07:03|364|bp
SLA06162|SLA-2*07:01|364|SLA06162|SLA-2*07:01|364|bp	SLA09744|SLA-2*07:06|364|SLA09744|SLA-2*07:06|364|bp
SLA06163|SLA-2*07:02|180|SLA06163|SLA-2*07:02|180|bp	SLA06163|SLA-2*07:02|180|SLA06163|SLA-2*07:02|180|bp
SLA08490|SLA-2*07:05|181|SLA08490|SLA-2*07:05|181|bp	SLA08490|SLA-2*07:05|181|SLA08490|SLA-2*07:05|181|bp
SLA08491|SLA-2*08:01|364|SLA08491|SLA-2*08:01|364|bp	SLA08491|SLA-2*08:01|364|SLA08491|SLA-2*08:01|364|bp
SLA06179|SLA-2*08:05|364|SLA06179|SLA-2*08:05|364|bp	SLA06179|SLA-2*08:05|364|SLA06179|SLA-2*08:05|364|bp
SLA06179|SLA-2*08:05|364|SLA06179|SLA-2*08:05|364|bp	SLA06180|SLA-2*08:02|363|SLA06180|SLA-2*08:02|363|bp
SLA06179|SLA-2*08:05|364|SLA06179|SLA-2*08:05|364|bp	SLA06222|SLA-2*08:03|364|SLA06222|SLA-2*08:03|364|bp
SLA06179|SLA-2*08:05|364|SLA06179|SLA-2*08:05|364|bp	SLA08492|SLA-2*08:04|364|SLA08492|SLA-2*08:04|364|bp
SLA06179|SLA-2*08:05|364|SLA06179|SLA-2*08:05|364|bp	SLA09746|SLA-2*08:07|364|SLA09746|SLA-2*08:07|364|bp
SLA08493|SLA-2*08:06|364|SLA08493|SLA-2*08:06|364|bp	SLA08493|SLA-2*08:06|364|SLA08493|SLA-2*08:06|364|bp
SLA06181|SLA-2*09:01|352|SLA06181|SLA-2*09:01|352|bp	SLA06181|SLA-2*09:01|352|SLA06181|SLA-2*09:01|352|bp
SLA06181|SLA-2*09:01|352|SLA06181|SLA-2*09:01|352|bp	SLA06183|SLA-2*09:02|364|SLA06183|SLA-2*09:02|364|bp
SLA06181|SLA-2*09:01|352|SLA06181|SLA-2*09:01|352|bp	SLA08494|SLA-2*09:04|181|SLA08494|SLA-2*09:04|181|bp
SLA06182|SLA-2*09:03|362|SLA06182|SLA-2*09:03|362|bp	SLA06182|SLA-2*09:03|362|SLA06182|SLA-2*09:03|362|bp
SLA08495|SLA-2*09:06|181|SLA08495|SLA-2*09:06|181|bp	SLA08495|SLA-2*09:06|181|SLA08495|SLA-2*09:06|181|bp
SLA06166|SLA-2*10:02|181|SLA06166|SLA-2*10:02|181|bp	SLA06166|SLA-2*10:02|181|SLA06166|SLA-2*10:02|181|bp
SLA08497|SLA-2*10:07|181|SLA08497|SLA-2*10:07|181|bp	SLA08497|SLA-2*10:07|181|SLA08497|SLA-2*10:07|181|bp
SLA08497|SLA-2*10:07|181|SLA08497|SLA-2*10:07|181|bp	SLA06167|SLA-2*10:04|364|SLA06167|SLA-2*10:04|364|bp
SLA08498|SLA-2*10:08|200|SLA08498|SLA-2*10:08|200|bp	SLA08498|SLA-2*10:08|200|SLA08498|SLA-2*10:08|200|bp
SLA08498|SLA-2*10:08|200|SLA08498|SLA-2*10:08|200|bp	SLA06165|SLA-2*10:01|364|SLA06165|SLA-2*10:01|364|bp
SLA08498|SLA-2*10:08|200|SLA08498|SLA-2*10:08|200|bp	SLA06169|SLA-2*10:03|364|SLA06169|SLA-2*10:03|364|bp
SLA08498|SLA-2*10:08|200|SLA08498|SLA-2*10:08|200|bp	SLA06168|SLA-2*10:05|364|SLA06168|SLA-2*10:05|364|bp
SLA09751|SLA-2*10:09|364|SLA09751|SLA-2*10:09|364|bp	SLA09751|SLA-2*10:09|364|SLA09751|SLA-2*10:09|364|bp
SLA09751|SLA-2*10:09|364|SLA09751|SLA-2*10:09|364|bp	SLA06119|SLA-1*08:07|361|SLA06119|SLA-1*08:07|361|bp
SLA09751|SLA-2*10:09|364|SLA09751|SLA-2*10:09|364|bp	SLA08444|SLA-1*08:06|361|SLA08444|SLA-1*08:06|361|bp
SLA06171|SLA-2*11:01:02|364|SLA06171|SLA-2*11:01:02|364|bp	SLA06171|SLA-2*11:01:02|364|SLA06171|SLA-2*11:01:02|364|bp
SLA06171|SLA-2*11:01:02|364|SLA06171|SLA-2*11:01:02|364|bp	SLA06170|SLA-2*11:01:01|364|SLA06170|SLA-2*11:01:01|364|bp
SLA08499|SLA-2*11:02|364|SLA08499|SLA-2*11:02|364|bp	SLA08499|SLA-2*11:02|364|SLA08499|SLA-2*11:02|364|bp
SLA06176|SLA-2*11:04|364|SLA06176|SLA-2*11:04|364|bp	SLA06176|SLA-2*11:04|364|SLA06176|SLA-2*11:04|364|bp
SLA06176|SLA-2*11:04|364|SLA06176|SLA-2*11:04|364|bp	SLA08500|SLA-2*11:05|364|SLA08500|SLA-2*11:05|364|bp
SLA06176|SLA-2*11:04|364|SLA06176|SLA-2*11:04|364|bp	SLA09788|SLA-2*11:08|364|SLA09788|SLA-2*11:08|364|bp
SLA09785|SLA-2*11:06|364|SLA09785|SLA-2*11:06|364|bp	SLA09785|SLA-2*11:06|364|SLA09785|SLA-2*11:06|364|bp
SLA09785|SLA-2*11:06|364|SLA09785|SLA-2*11:06|364|bp	SLA06172|SLA-2*11:03|364|SLA06172|SLA-2*11:03|364|bp
SLA09791|SLA-2*11:07|364|SLA09791|SLA-2*11:07|364|bp	SLA09791|SLA-2*11:07|364|SLA09791|SLA-2*11:07|364|bp
SLA06174|SLA-2*12:02|364|SLA06174|SLA-2*12:02|364|bp	SLA06174|SLA-2*12:02|364|SLA06174|SLA-2*12:02|364|bp
SLA06174|SLA-2*12:02|364|SLA06174|SLA-2*12:02|364|bp	SLA06173|SLA-2*12:01|364|SLA06173|SLA-2*12:01|364|bp
SLA06184|SLA-2*13:01|364|SLA06184|SLA-2*13:01|364|bp	SLA06184|SLA-2*13:01|364|SLA06184|SLA-2*13:01|364|bp
SLA06184|SLA-2*13:01|364|SLA06184|SLA-2*13:01|364|bp	SLA09747|SLA-2*13:03|364|SLA09747|SLA-2*13:03|364|bp
SLA06184|SLA-2*13:01|364|SLA06184|SLA-2*13:01|364|bp	SLA09799|SLA-2*13:04:01|364|SLA09799|SLA-2*13:04:01|364|bp
SLA06184|SLA-2*13:01|364|SLA06184|SLA-2*13:01|364|bp	SLA09802|SLA-2*13:04:02|364|SLA09802|SLA-2*13:04:02|364|bp
SLA06184|SLA-2*13:01|364|SLA06184|SLA-2*13:01|364|bp	SLA08489|SLA-2*07:04|364|SLA08489|SLA-2*07:04|364|bp
SLA08501|SLA-2*13:02|364|SLA08501|SLA-2*13:02|364|bp	SLA08501|SLA-2*13:02|364|SLA08501|SLA-2*13:02|364|bp
SLA06185|SLA-2*14:01|364|SLA06185|SLA-2*14:01|364|bp	SLA06185|SLA-2*14:01|364|SLA06185|SLA-2*14:01|364|bp
SLA09710|SLA-1*08:16|181|SLA09710|SLA-1*08:16|181|bp|SLA09710|SLA-1*08:16|181|SLA09710|SLA-1*08:16|181|bp	SLA09710|SLA-1*08:16|181|SLA09710|SLA-1*08:16|181|bp|SLA09710|SLA-1*08:16|181|SLA09710|SLA-1*08:16|181|bp
SLA09710|SLA-1*08:16|181|SLA09710|SLA-1*08:16|181|bp|SLA09710|SLA-1*08:16|181|SLA09710|SLA-1*08:16|181|bp	SLA06121|SLA-1*08:03|361|SLA06121|SLA-1*08:03|361|bp
SLA09710|SLA-1*08:16|181|SLA09710|SLA-1*08:16|181|bp|SLA09710|SLA-1*08:16|181|SLA09710|SLA-1*08:16|181|bp	SLA06120|SLA-1*08:08|361|SLA06120|SLA-1*08:08|361|bp
SLA09710|SLA-1*08:16|181|SLA09710|SLA-1*08:16|181|bp|SLA09710|SLA-1*08:16|181|SLA09710|SLA-1*08:16|181|bp	SLA08446|SLA-1*08:10|361|SLA08446|SLA-1*08:10|361|bp
SLA09710|SLA-1*08:16|181|SLA09710|SLA-1*08:16|181|bp|SLA09710|SLA-1*08:16|181|SLA09710|SLA-1*08:16|181|bp	SLA06118|SLA-1*08:13|361|SLA06118|SLA-1*08:13|361|bp
SLA09710|SLA-1*08:16|181|SLA09710|SLA-1*08:16|181|bp|SLA09710|SLA-1*08:16|181|SLA09710|SLA-1*08:16|181|bp	SLA09714|SLA-1*08:15|361|SLA09714|SLA-1*08:15|361|bp
SLA09710|SLA-1*08:16|181|SLA09710|SLA-1*08:16|181|bp|SLA09710|SLA-1*08:16|181|SLA09710|SLA-1*08:16|181|bp	SLA09710|SLA-1*08:16|181|SLA09710|SLA-1*08:16|181|bp
SLA09710|SLA-1*08:16|181|SLA09710|SLA-1*08:16|181|bp|SLA09710|SLA-1*08:16|181|SLA09710|SLA-1*08:16|181|bp	SLA09741|SLA-1*08:18|361|SLA09741|SLA-1*08:18|361|bp
SLA06100|SLA-1*01:01|361|SLA06100|SLA-1*01:01|361|bp	SLA06100|SLA-1*01:01|361|SLA06100|SLA-1*01:01|361|bp
SLA06102|SLA-1*01:03|218|SLA06102|SLA-1*01:03|218|bp	SLA06102|SLA-1*01:03|218|SLA06102|SLA-1*01:03|218|bp
SLA06102|SLA-1*01:03|218|SLA06102|SLA-1*01:03|218|bp	SLA06101|SLA-1*01:02|218|SLA06101|SLA-1*01:02|218|bp
SLA09779|SLA-1*02:05|361|SLA09779|SLA-1*02:05|361|bp	SLA09779|SLA-1*02:05|361|SLA09779|SLA-1*02:05|361|bp
SLA09779|SLA-1*02:05|361|SLA09779|SLA-1*02:05|361|bp	SLA06112|SLA-1*06:02|361|SLA06112|SLA-1*06:02|361|bp
SLA09779|SLA-1*02:05|361|SLA09779|SLA-1*02:05|361|bp	SLA06131|SLA-1*13:01|361|SLA06131|SLA-1*13:01|361|bp
SLA09779|SLA-1*02:05|361|SLA09779|SLA-1*02:05|361|bp	SLA08460|SLA-1*17:02|361|SLA08460|SLA-1*17:02|361|bp
SLA09779|SLA-1*02:05|361|SLA09779|SLA-1*02:05|361|bp	SLA06105|SLA-1*02:03|361|SLA06105|SLA-1*02:03|361|bp
SLA09779|SLA-1*02:05|361|SLA09779|SLA-1*02:05|361|bp	SLA06104|SLA-1*02:02|361|SLA06104|SLA-1*02:02|361|bp
SLA09779|SLA-1*02:05|361|SLA09779|SLA-1*02:05|361|bp	SLA09780|SLA-1*02:04|361|SLA09780|SLA-1*02:04|361|bp
SLA09779|SLA-1*02:05|361|SLA09779|SLA-1*02:05|361|bp	SLA06103|SLA-1*02:01|361|SLA06103|SLA-1*02:01|361|bp
SLA06106|SLA-1*04:01:01|361|SLA06106|SLA-1*04:01:01|361|bp	SLA06106|SLA-1*04:01:01|361|SLA06106|SLA-1*04:01:01|361|bp
SLA06106|SLA-1*04:01:01|361|SLA06106|SLA-1*04:01:01|361|bp	SLA08439|SLA-1*04:01:02|361|SLA08439|SLA-1*04:01:02|361|bp
SLA06106|SLA-1*04:01:01|361|SLA06106|SLA-1*04:01:01|361|bp	SLA08440|SLA-1*04:02|361|SLA08440|SLA-1*04:02|361|bp
SLA06106|SLA-1*04:01:01|361|SLA06106|SLA-1*04:01:01|361|bp	SLA06107|SLA-1*04:03|361|SLA06107|SLA-1*04:03|361|bp
SLA06106|SLA-1*04:01:01|361|SLA06106|SLA-1*04:01:01|361|bp	SLA06108|SLA-1*04:04|361|SLA06108|SLA-1*04:04|361|bp
SLA06106|SLA-1*04:01:01|361|SLA06106|SLA-1*04:01:01|361|bp	SLA06132|SLA-1*13:02|361|SLA06132|SLA-1*13:02|361|bp
SLA06106|SLA-1*04:01:01|361|SLA06106|SLA-1*04:01:01|361|bp	SLA06109|SLA-1*04:05|361|SLA06109|SLA-1*04:05|361|bp
SLA06110|SLA-1*05:01|360|SLA06110|SLA-1*05:01|360|bp	SLA06110|SLA-1*05:01|360|SLA06110|SLA-1*05:01|360|bp
SLA06111|SLA-1*06:01|361|SLA06111|SLA-1*06:01|361|bp	SLA06111|SLA-1*06:01|361|SLA06111|SLA-1*06:01|361|bp
SLA06114|SLA-1*07:02|361|SLA06114|SLA-1*07:02|361|bp	SLA06114|SLA-1*07:02|361|SLA06114|SLA-1*07:02|361|bp
SLA06114|SLA-1*07:02|361|SLA06114|SLA-1*07:02|361|bp	SLA06113|SLA-1*07:01|361|SLA06113|SLA-1*07:01|361|bp
SLA08441|SLA-1*07:04|361|SLA08441|SLA-1*07:04|361|bp	SLA08441|SLA-1*07:04|361|SLA08441|SLA-1*07:04|361|bp
SLA08441|SLA-1*07:04|361|SLA08441|SLA-1*07:04|361|bp	SLA08442|SLA-1*07:06|361|SLA08442|SLA-1*07:06|361|bp
SLA08441|SLA-1*07:04|361|SLA08441|SLA-1*07:04|361|bp	SLA09706|SLA-1*07:07|181|SLA09706|SLA-1*07:07|181|bp
SLA06140|SLA-1*07:05|361|SLA06140|SLA-1*07:05|361|bp	SLA06140|SLA-1*07:05|361|SLA06140|SLA-1*07:05|361|bp
SLA06140|SLA-1*07:05|361|SLA06140|SLA-1*07:05|361|bp	SLA06138|SLA-1*07:03|361|SLA06138|SLA-1*07:03|361|bp
SLA09708|SLA-1*07:08|181|SLA09708|SLA-1*07:08|181|bp	SLA09708|SLA-1*07:08|181|SLA09708|SLA-1*07:08|181|bp
SLA06115|SLA-1*08:01|361|SLA06115|SLA-1*08:01|361|bp	SLA06115|SLA-1*08:01|361|SLA06115|SLA-1*08:01|361|bp
SLA06115|SLA-1*08:01|361|SLA06115|SLA-1*08:01|361|bp	SLA06116|SLA-1*08:02|361|SLA06116|SLA-1*08:02|361|bp
SLA06115|SLA-1*08:01|361|SLA06115|SLA-1*08:01|361|bp	SLA06117|SLA-1*08:12|361|SLA06117|SLA-1*08:12|361|bp
SLA06115|SLA-1*08:01|361|SLA06115|SLA-1*08:01|361|bp	SLA08448|SLA-1*08:14|361|SLA08448|SLA-1*08:14|361|bp
SLA06115|SLA-1*08:01|361|SLA06115|SLA-1*08:01|361|bp	SLA09704|SLA-1*08:17|181|SLA09704|SLA-1*08:17|181|bp
SLA08443|SLA-1*08:04|361|SLA08443|SLA-1*08:04|361|bp	SLA08443|SLA-1*08:04|361|SLA08443|SLA-1*08:04|361|bp
SLA06122|SLA-1*08:05|361|SLA06122|SLA-1*08:05|361|bp	SLA06122|SLA-1*08:05|361|SLA06122|SLA-1*08:05|361|bp
SLA06122|SLA-1*08:05|361|SLA06122|SLA-1*08:05|361|bp	SLA08496|SLA-2*10:06|364|SLA08496|SLA-2*10:06|364|bp
SLA08445|SLA-1*08:09|361|SLA08445|SLA-1*08:09|361|bp	SLA08445|SLA-1*08:09|361|SLA08445|SLA-1*08:09|361|bp
SLA08447|SLA-1*08:11|361|SLA08447|SLA-1*08:11|361|bp	SLA08447|SLA-1*08:11|361|SLA08447|SLA-1*08:11|361|bp
SLA06141|SLA-1*09:02|361|SLA06141|SLA-1*09:02|361|bp	SLA06141|SLA-1*09:02|361|SLA06141|SLA-1*09:02|361|bp
SLA06141|SLA-1*09:02|361|SLA06141|SLA-1*09:02|361|bp	SLA08449|SLA-1*09:01|361|SLA08449|SLA-1*09:01|361|bp
SLA06143|SLA-1*10:01|361|SLA06143|SLA-1*10:01|361|bp	SLA06143|SLA-1*10:01|361|SLA06143|SLA-1*10:01|361|bp
SLA06143|SLA-1*10:01|361|SLA06143|SLA-1*10:01|361|bp	SLA06142|SLA-1*10:02|361|SLA06142|SLA-1*10:02|361|bp
SLA06143|SLA-1*10:01|361|SLA06143|SLA-1*10:01|361|bp	SLA09776|SLA-1*10:03|361|SLA09776|SLA-1*10:03|361|bp
SLA08450|SLA-1*11:01:02|361|SLA08450|SLA-1*11:01:02|361|bp	SLA08450|SLA-1*11:01:02|361|SLA08450|SLA-1*11:01:02|361|bp
SLA08450|SLA-1*11:01:02|361|SLA08450|SLA-1*11:01:02|361|bp	SLA06123|SLA-1*11:01:01|361|SLA06123|SLA-1*11:01:01|361|bp
SLA06124|SLA-1*11:02|361|SLA06124|SLA-1*11:02|361|bp	SLA06124|SLA-1*11:02|361|SLA06124|SLA-1*11:02|361|bp
SLA08451|SLA-1*11:05|361|SLA08451|SLA-1*11:05|361|bp	SLA08451|SLA-1*11:05|361|SLA08451|SLA-1*11:05|361|bp
SLA08451|SLA-1*11:05|361|SLA08451|SLA-1*11:05|361|bp	SLA06125|SLA-1*11:03|361|SLA06125|SLA-1*11:03|361|bp
SLA08451|SLA-1*11:05|361|SLA08451|SLA-1*11:05|361|bp	SLA08452|SLA-1*11:07|361|SLA08452|SLA-1*11:07|361|bp
SLA08451|SLA-1*11:05|361|SLA08451|SLA-1*11:05|361|bp	SLA08453|SLA-1*11:08|361|SLA08453|SLA-1*11:08|361|bp
SLA08451|SLA-1*11:05|361|SLA08451|SLA-1*11:05|361|bp	SLA09737|SLA-1*11:11|361|SLA09737|SLA-1*11:11|361|bp
SLA06127|SLA-1*11:06|361|SLA06127|SLA-1*11:06|361|bp	SLA06127|SLA-1*11:06|361|SLA06127|SLA-1*11:06|361|bp
SLA06127|SLA-1*11:06|361|SLA06127|SLA-1*11:06|361|bp	SLA06126|SLA-1*11:04|361|SLA06126|SLA-1*11:04|361|bp
SLA08454|SLA-1*11:09|361|SLA08454|SLA-1*11:09|361|bp	SLA08454|SLA-1*11:09|361|SLA08454|SLA-1*11:09|361|bp
SLA06128|SLA-1*12:01|361|SLA06128|SLA-1*12:01|361|bp	SLA06128|SLA-1*12:01|361|SLA06128|SLA-1*12:01|361|bp
SLA06128|SLA-1*12:01|361|SLA06128|SLA-1*12:01|361|bp	SLA06130|SLA-1*12:02|361|SLA06130|SLA-1*12:02|361|bp
SLA06128|SLA-1*12:01|361|SLA06128|SLA-1*12:01|361|bp	SLA06129|SLA-1*12:03|361|SLA06129|SLA-1*12:03|361|bp
SLA09742|SLA-1*14:04|361|SLA09742|SLA-1*14:04|361|bp	SLA09742|SLA-1*14:04|361|SLA09742|SLA-1*14:04|361|bp
SLA09742|SLA-1*14:04|361|SLA09742|SLA-1*14:04|361|bp	SLA06136|SLA-1*14:02|361|SLA06136|SLA-1*14:02|361|bp
SLA09742|SLA-1*14:04|361|SLA09742|SLA-1*14:04|361|bp	SLA08456|SLA-1*14:03|361|SLA08456|SLA-1*14:03|361|bp
SLA09743|SLA-1*14:05|361|SLA09743|SLA-1*14:05|361|bp	SLA09743|SLA-1*14:05|361|SLA09743|SLA-1*14:05|361|bp
SLA09743|SLA-1*14:05|361|SLA09743|SLA-1*14:05|361|bp	SLA06137|SLA-1*14:01|361|SLA06137|SLA-1*14:01|361|bp
SLA08458|SLA-1*15:02|361|SLA08458|SLA-1*15:02|361|bp	SLA08458|SLA-1*15:02|361|SLA08458|SLA-1*15:02|361|bp
SLA08458|SLA-1*15:02|361|SLA08458|SLA-1*15:02|361|bp	SLA08457|SLA-1*15:01|361|SLA08457|SLA-1*15:01|361|bp
SLA09719|SLA-1*15:03|361|SLA09719|SLA-1*15:03|361|bp	SLA09719|SLA-1*15:03|361|SLA09719|SLA-1*15:03|361|bp
SLA06133|SLA-1*16:01|192|SLA06133|SLA-1*16:01|192|bp	SLA06133|SLA-1*16:01|192|SLA06133|SLA-1*16:01|192|bp
SLA06134|SLA-1*16:02|168|SLA06134|SLA-1*16:02|168|bp	SLA06134|SLA-1*16:02|168|SLA06134|SLA-1*16:02|168|bp
SLA08459|SLA-1*16:03|361|SLA08459|SLA-1*16:03|361|bp	SLA08459|SLA-1*16:03|361|SLA08459|SLA-1*16:03|361|bp
SLA08459|SLA-1*16:03|361|SLA08459|SLA-1*16:03|361|bp	SLA09777|SLA-1*16:05|361|SLA09777|SLA-1*16:05|361|bp
SLA08459|SLA-1*16:03|361|SLA08459|SLA-1*16:03|361|bp	SLA09778|SLA-1*16:06|361|SLA09778|SLA-1*16:06|361|bp
SLA09782|SLA-1*16:04|361|SLA09782|SLA-1*16:04|361|bp	SLA09782|SLA-1*16:04|361|SLA09782|SLA-1*16:04|361|bp
SLA06135|SLA-1*17:01|361|SLA06135|SLA-1*17:01|361|bp	SLA06135|SLA-1*17:01|361|SLA06135|SLA-1*17:01|361|bp
SLA09781|SLA-1*18:03|361|SLA09781|SLA-1*18:03|361|bp	SLA09781|SLA-1*18:03|361|SLA09781|SLA-1*18:03|361|bp
SLA09781|SLA-1*18:03|361|SLA09781|SLA-1*18:03|361|bp	SLA06139|SLA-1*18:01|361|SLA06139|SLA-1*18:01|361|bp
SLA09781|SLA-1*18:03|361|SLA09781|SLA-1*18:03|361|bp	SLA09715|SLA-1*18:02|203|SLA09715|SLA-1*18:02|203|bp
SLA08461|SLA-1*19:01|361|SLA08461|SLA-1*19:01|361|bp	SLA08461|SLA-1*19:01|361|SLA08461|SLA-1*19:01|361|bp
SLA09712|SLA-1*19:02|181|SLA09712|SLA-1*19:02|181|bp	SLA09712|SLA-1*19:02|181|SLA09712|SLA-1*19:02|181|bp
SLA09754|SLA-1*19:03|181|SLA09754|SLA-1*19:03|181|bp	SLA09754|SLA-1*19:03|181|SLA09754|SLA-1*19:03|181|bp
SLA09709|SLA-1*20:02|181|SLA09709|SLA-1*20:02|181|bp	SLA09709|SLA-1*20:02|181|SLA09709|SLA-1*20:02|181|bp
SLA09709|SLA-1*20:02|181|SLA09709|SLA-1*20:02|181|bp	SLA08462|SLA-1*20:01|361|SLA08462|SLA-1*20:01|361|bp
SLA09713|SLA-1*21:01|361|SLA09713|SLA-1*21:01|361|bp	SLA09713|SLA-1*21:01|361|SLA09713|SLA-1*21:01|361|bp
SLA09705|SLA-1*21:02|181|SLA09705|SLA-1*21:02|181|bp	SLA09705|SLA-1*21:02|181|SLA09705|SLA-1*21:02|181|bp
SLA09716|SLA-1*21:03|361|SLA09716|SLA-1*21:03|361|bp	SLA09716|SLA-1*21:03|361|SLA09716|SLA-1*21:03|361|bp
SLA09717|SLA-1*23:01|361|SLA09717|SLA-1*23:01|361|bp	SLA09717|SLA-1*23:01|361|SLA09717|SLA-1*23:01|361|bp
SLA09717|SLA-1*23:01|361|SLA09717|SLA-1*23:01|361|bp	SLA08455|SLA-1*11:10|361|SLA08455|SLA-1*11:10|361|bp
SLA09707|SLA-1*23:02|181|SLA09707|SLA-1*23:02|181|bp	SLA09707|SLA-1*23:02|181|SLA09707|SLA-1*23:02|181|bp
SLA09707|SLA-1*23:02|181|SLA09707|SLA-1*23:02|181|bp	SLA09711|SLA-1*23:03|181|SLA09711|SLA-1*23:03|181|bp
SLA09707|SLA-1*23:02|181|SLA09707|SLA-1*23:02|181|bp	SLA09790|SLA-3*08:03|361|SLA09790|SLA-3*08:03|361|bp
SLA09775|SLA-1*23:06|361|SLA09775|SLA-1*23:06|361|bp	SLA09775|SLA-1*23:06|361|SLA09775|SLA-1*23:06|361|bp
SLA09775|SLA-1*23:06|361|SLA09775|SLA-1*23:06|361|bp	SLA09774|SLA-1*23:05|361|SLA09774|SLA-1*23:05|361|bp
SLA09783|SLA-1*24:01|361|SLA09783|SLA-1*24:01|361|bp	SLA09783|SLA-1*24:01|361|SLA09783|SLA-1*24:01|361|bp
